Date,Open,High,Low,Close,Volume,Name,Daily_return,7_day_MA,30_day_MA
2013-02-08,15.07,15.12,14.63,14.75,8407500,AAL,,,
2013-02-08,67.7142,68.4014,66.8928,67.8542,158168416,AAPL,3.6002847457627123,,
2013-02-08,78.34,79.72,78.01,78.9,1298137,AAP,0.1627872703531985,,
2013-02-11,78.65,78.91,77.23,78.39,758016,AAP,-0.006463878326996242,,
2013-02-11,14.89,15.01,14.26,14.46,8882000,AAL,-0.815537696134711,,
2013-02-11,68.0714,69.2771,67.6071,68.5614,129029425,AAPL,3.7414522821576766,,
2013-02-12,68.5014,68.9114,66.8205,66.8428,151829363,AAPL,-0.02506658265438,55.67977142857143,
2013-02-12,14.45,14.51,14.1,14.27,8126000,AAL,-0.7865140299329172,55.611200000000004,
2013-02-12,78.39,78.63,77.5132,78.6,876859,AAP,4.508058864751226,57.14631428571429,
2013-02-13,66.7442,67.6628,66.1742,66.7156,118721995,AAPL,-0.1512010178117048,55.40568571428571,
2013-02-13,78.9,79.13,77.85,78.97,1038574,AAP,0.1836811780153369,55.48854285714286,
2013-02-13,14.3,14.94,14.25,14.66,10259500,AAL,-0.8143598835000633,55.517114285714285,
2013-02-14,78.66,79.72,78.585,78.84,1005376,AAP,4.377899045020464,56.98548571428572,
2013-02-14,14.94,14.96,13.16,13.99,31879900,AAL,-0.8225520040588534,49.43508571428571,
2013-02-14,66.3599,67.3771,66.2885,66.6556,88809154,AAPL,3.7645175125089354,56.91874285714285,
2013-02-15,13.93,14.61,13.93,14.5,15628000,AAL,-0.782463889005575,47.761599999999994,
2013-02-15,78.83,79.18,77.93,79.0,1247063,AAP,4.448275862068965,49.51651428571428,
2013-02-15,66.9785,67.1656,65.7028,65.7371,97924631,AAPL,-0.1678848101265823,47.6261,
2013-02-19,79.12,81.44,78.57,80.72,1730690,AAP,0.2279215237666401,57.06324285714286,
2013-02-19,65.8714,66.1042,64.8356,65.7128,108854046,AAPL,-0.18591674925668977,55.18792857142858,
2013-02-19,14.33,14.56,14.08,14.26,11354400,AAL,-0.7829950938021207,55.2265,
2013-02-20,80.42,80.94,79.39,79.5,648693,AAP,4.575035063113605,57.061414285714285,
2013-02-20,65.3842,65.3842,64.1142,64.1214,118891367,AAPL,-0.19344150943396232,64.15018571428571,
2013-02-20,14.17,14.26,13.15,13.33,14725200,AAL,-0.7921130854909593,54.76875714285713,
2013-02-21,63.7142,64.1671,63.2599,63.7228,111596821,AAPL,3.780405101275319,54.480999999999995,
2013-02-21,79.26,80.05,78.56,79.06,915160,AAP,0.24068622219990332,54.243857142857145,
2013-02-21,13.62,13.95,12.9,13.37,11922100,AAL,-0.8308879332152795,46.76631428571428,
2013-02-22,13.57,13.6,13.21,13.57,6071400,AAL,0.014958863126402377,46.667742857142855,
2013-02-22,79.2,79.46,78.63,79.21,538188,AAP,4.837140751658069,46.62631428571428,
2013-02-22,64.1785,64.5142,63.7999,64.4014,82583823,AAPL,-0.186953667466229,46.666314285714286,53.089169999999996
2013-02-25,79.46,79.74,78.36,78.36,579811,AAP,0.21674373538463465,55.95631428571429,55.20950333333334
2013-02-25,64.8356,65.0171,63.2242,63.2571,92899597,AAPL,-0.1927373660030628,55.889785714285715,55.056266666666666
2013-02-25,13.6,13.76,13.0,13.02,7186400,AAL,-0.7941733022854351,46.455499999999994,52.86026666666667
2013-02-26,13.14,13.42,12.7,13.26,9419000,AAL,0.018433179723502224,46.43978571428571,50.68926666666667
2013-02-26,78.42,78.925,76.42,77.15,990145,AAP,4.818250377073907,55.522642857142856,52.778933333333335
2013-02-26,63.4028,64.5056,62.5228,64.1385,125096657,AAPL,-0.16865197666882714,53.369571428571426,52.63150333333333
2013-02-27,77.29,77.58,76.22,77.3,720813,AAP,0.2052043624344193,55.21222857142857,52.98007666666667
2013-02-27,64.0614,64.6342,62.9499,63.5099,146674682,AAPL,-0.17839715394566613,53.09078571428571,54.621406666666665
2013-02-27,13.28,13.62,13.18,13.41,7390500,AAL,-0.7888518168033645,45.96977142857143,52.44840666666666
2013-02-28,13.49,13.63,13.39,13.43,6143600,AAL,0.001491424310216205,46.02834285714285,50.67222
2013-02-28,63.4357,63.9814,63.0571,63.0571,80532382,AAPL,3.69524199553239,53.14221428571428,50.14179
2013-02-28,77.35,77.59,76.34,76.34,1180713,AAP,0.2106487612021486,53.0265,52.197790000000005
2013-03-01,13.37,13.95,13.32,13.61,7376800,AAL,-0.8217186271941315,45.80814285714286,50.02345666666666
2013-03-01,76.37,76.66,75.623,76.37,1272624,AAP,4.61131520940485,45.675285714285714,52.10279
2013-03-01,62.5714,62.5971,61.4257,61.4957,137899041,AAPL,-0.1947662694775436,45.38754285714286,51.930793333333334
2013-03-04,76.24,77.25,76.1,77.02,1098428,AAP,0.25244529292291973,54.47468571428572,54.01479333333334
2013-03-04,13.5,14.07,13.47,13.9,8174800,AAL,-0.8195273954816931,54.541828571428574,51.844793333333335
2013-03-04,61.1142,61.1714,59.8571,60.0071,145406366,AAPL,3.3170575539568343,54.106114285714284,51.65379333333333
2013-03-05,77.07,77.49,76.72,76.95,1288012,AAP,0.2823482554564376,54.19325714285714,51.528126666666665
2013-03-05,14.01,14.05,13.71,14.05,7676100,AAL,-0.8174139051332034,54.25611428571428,49.80603333333333
2013-03-05,60.2114,62.1699,60.1071,61.5919,159298020,AAPL,3.3837651245551603,52.14495714285715,51.383763333333334
2013-03-06,14.52,14.68,14.25,14.57,13243200,AAL,-0.7634429202541243,45.44128571428571,49.219429999999996
2013-03-06,62.0728,62.1785,60.6328,60.8088,114903180,AAPL,3.1735621139327383,43.1254,49.10901
2013-03-06,77.1,77.24,75.97,76.18,1255676,AAP,0.2527792030100908,52.02254285714286,51.204010000000004
2013-03-07,76.04,76.75,75.7,76.22,965808,AAP,0.0005250721974270345,54.33867142857144,51.620583333333336
2013-03-07,14.7,14.93,14.5,14.82,9125300,AAL,-0.8055628443977958,45.46295714285714,49.47924999999999
2013-03-07,60.6428,61.7157,60.1514,61.5117,116992841,AAPL,3.1505870445344124,52.2432,51.08397333333333
2013-03-08,61.3999,62.2042,61.2299,61.6742,97854442,AAPL,0.0026417738413992975,52.254957142857144,52.687446666666666
2013-03-08,14.99,15.2,14.84,14.92,10593700,AAL,-0.7580836070836752,52.304957142857134,50.544446666666666
2013-03-08,76.44,77.16,75.6302,76.84,736386,AAP,4.150134048257373,54.595128571428575,50.959066666666665
2013-03-11,14.85,15.15,14.71,15.13,6961800,AAL,-0.8030973451327433,45.8737,48.8514
2013-03-11,61.3928,62.7157,60.7342,62.5528,118272126,AAPL,3.134355584930601,43.92124285714285,48.82792333333334
2013-03-11,76.88,78.06,76.84,77.53,689362,AAP,0.23943292706321695,52.87981428571429,50.97825666666666
2013-03-12,15.14,15.6,14.95,15.5,8999100,AAL,-0.8000773893976525,46.30671428571429,51.052923333333325
2013-03-12,62.2285,62.6971,61.0814,61.2042,116268341,AAPL,2.948658064516129,46.23957142857143,50.52139666666667
2013-03-12,77.26,77.66,76.89,77.36,660535,AAP,0.2639655448482294,55.15957142857143,50.962113333333335
2013-03-13,15.54,16.2,15.48,15.91,11380000,AAL,-0.7943381592554292,46.455285714285715,48.915780000000005
2013-03-13,61.2071,62.0714,60.7657,61.1928,101369051,AAPL,2.846184789440603,53.03568571428571,48.838543333333334
2013-03-13,77.54,78.85,77.32,78.77,644976,AAP,0.2872429436142814,55.35242857142857,51.01721
2013-03-14,78.9,79.12,77.36,77.67,763234,AAP,-0.013964707375904495,55.372428571428564,53.158543333333334
2013-03-14,15.98,16.36,15.93,16.25,8383300,AAL,-0.7907815115231106,55.479571428571425,51.598306666666666
2013-03-14,61.8328,62.0914,61.4928,61.7857,75834906,AAPL,2.802196923076923,55.562642857142855,51.11316333333333
2013-03-15,16.45,16.54,15.88,15.98,17667700,AAL,-0.7413641020495034,46.794071428571435,51.19216333333334
2013-03-15,77.9,79.59,77.41,79.57,1237958,AAP,3.9793491864831037,55.88835714285714,51.298829999999995
2013-03-15,62.5614,63.4614,62.4642,63.3799,160710606,AAPL,-0.2034699007163503,56.2008,51.36163666666667
2013-03-18,63.0642,65.3514,63.0285,65.1028,150441144,AAPL,0.027183697039597776,54.24834285714285,50.964396666666666
2013-03-18,15.8,16.33,15.71,16.29,6514100,AAL,-0.7497803473890524,45.47977142857143,51.044063333333334
2013-03-18,79.09,80.76,79.0101,80.7,1219201,AAP,3.9539594843462247,54.68691428571429,51.733826666666666
2013-03-19,65.6428,65.8528,64.0714,64.9271,131531708,AAPL,-0.1954510532837671,55.135685714285714,51.333063333333335
2013-03-19,16.48,16.85,16.41,16.78,11805300,AAL,-0.7415562992956716,55.24997142857142,51.424063333333336
2013-03-19,80.64,80.9399,79.77,80.07,1370222,AAP,3.7717520858164475,55.321400000000004,52.04
2013-03-20,17.13,17.33,16.87,17.23,10819800,AAL,-0.784813288372674,48.72855714285714,52.12866666666667
2013-03-20,80.07,80.704,79.8005,80.22,728484,AAP,3.655832849680789,50.888157142857146,52.77570666666667
2013-03-20,65.3456,65.3756,64.2271,64.5828,77016849,AAPL,-0.1949289454001495,57.787128571428575,52.389133333333334
2013-03-21,79.91,80.72,79.85,80.03,616238,AAP,0.23918442681333096,57.69141428571429,52.51613333333333
2013-03-21,17.21,17.43,16.87,17.0,10740800,AAL,-0.7875796576283893,50.84468571428572,52.5888
2013-03-21,64.3171,65.4256,64.2999,64.6756,95493524,AAPL,2.8044470588235297,57.68691428571429,52.69426333333333
2013-03-22,80.12,80.44,78.972,79.81,586660,AAP,0.23400478696757343,57.649771428571434,53.298790000000004
2013-03-22,17.1,17.29,16.77,16.86,8545200,AAL,-0.7887482771582508,57.596914285714284,53.36345666666667
2013-03-22,64.9399,66.0142,64.7299,65.9871,98570591,AAPL,2.913825622775801,55.56364285714285,53.00169333333334
2013-03-25,16.92,17.0,16.35,16.6,8400000,AAL,-0.7484356790948534,48.70895714285715,53.050693333333335
2013-03-25,79.83,80.94,79.33,80.53,1150900,AAP,3.8512048192771084,48.78038571428572,53.64993333333334
2013-03-25,66.3842,67.1356,65.9685,66.2256,125073165,AAPL,-0.17762821308829013,55.81261428571429,53.27312
2013-03-26,16.67,16.84,16.5,16.51,6898500,AAL,-0.7507006354038317,48.93181428571428,53.30678666666667
2013-03-26,66.4914,66.5485,65.7899,65.8765,73428208,AAPL,2.990096910963052,46.941314285714284,53.46253
2013-03-26,80.86,81.61,80.56,81.6,969581,AAP,0.23868147214864188,56.189885714285715,53.60386333333334
2013-03-27,65.2085,65.2571,64.3899,64.5828,81854409,AAPL,-0.2085441176470587,55.989271428571435,55.22629
2013-03-27,81.02,81.7,80.9601,81.64,551193,AAP,0.2641136649386522,65.2807,55.90786333333333
2013-03-27,16.48,16.77,16.33,16.65,5537100,AAL,-0.7960558549730524,56.15498571428571,53.837196666666664
2013-03-28,81.34,83.07,81.29,82.65,1287266,AAP,3.9639639639639643,58.50132857142857,54.00319666666666
2013-03-28,64.2599,64.5455,63.0885,63.2371,110698007,AAPL,-0.23488082274652156,65.17662857142857,55.56943333333333
2013-03-28,17.0,17.09,16.82,16.97,8324100,AAL,-0.7316448730254866,58.189985714285726,54.07557666666666
2013-04-01,63.1285,63.3854,61.1057,61.2728,97294421,AAPL,2.610654095462581,55.2861,55.58533666666666
2013-04-01,82.54,83.03,81.66,82.34,749343,AAP,0.3438262981290232,57.82284285714286,55.677670000000006
2013-04-01,17.02,17.13,16.54,16.67,5222300,AAL,-0.7975467573475832,48.54141428571428,54.12067333333333
2013-04-02,61.0857,62.5914,60.9142,61.3988,132350022,AAPL,2.6831913617276544,54.9341,53.99720666666667
2013-04-02,16.48,16.5,15.71,15.74,14595600,AAL,-0.7436431982384021,45.37552857142857,53.97887333333334
2013-04-02,82.49,82.9099,81.33,82.83,956279,AAP,4.262388818297332,48.17451428571428,54.04987333333334
2013-04-03,15.82,15.92,15.13,15.53,14658300,AAL,-0.8125075455752746,47.968799999999995,52.40330333333334
2013-04-03,61.6242,62.4685,61.4728,61.7128,90719482,AAPL,2.9737797810688993,48.03165714285715,53.90106333333333
2013-04-03,82.8,82.95,81.5,82.12,846044,AAP,0.33068018304144364,48.00022857142857,53.96939666666666
2013-04-04,82.2,82.97,81.93,82.2,819476,AAP,0.00097418412079886,57.36165714285715,56.13506333333333
2013-04-04,61.9657,62.1428,60.7499,61.1028,89589332,AAPL,-0.25665693430656933,57.31937142857142,55.497823333333336
2013-04-04,15.12,15.71,15.12,15.69,5520300,AAL,-0.7432196233233175,57.31222857142858,53.86806333333334
2013-04-05,60.6428,60.7071,59.9542,60.4571,95743088,AAPL,2.853224984066284,54.1161,53.21563333333334
2013-04-05,81.62,81.62,80.75,80.95,913888,AAP,0.33896597752786706,63.46181428571429,55.347300000000004
2013-04-05,15.17,15.79,15.03,15.72,5252300,AAL,-0.8058060531192094,56.89141428571429,53.71544666666667
2013-04-08,60.6928,61.0714,60.3557,60.8871,75169647,AAPL,2.8732251908396944,53.85814285714286,53.08468333333334
2013-04-08,81.0,81.15,80.35,80.63,837488,AAP,0.32425423447659685,53.633857142857146,55.21035
2013-04-08,15.82,15.97,15.53,15.84,3780700,AAL,-0.8035470668485676,47.167742857142855,53.538779999999996
2013-04-09,79.97,79.97,78.5,78.71,1462823,AAP,3.9690656565656566,56.17059999999999,55.60911333333333
2013-04-09,60.9085,61.2142,60.3928,60.9971,76615504,AAPL,-0.22504002032778547,56.24774285714285,54.95801666666667
2013-04-09,16.07,16.1,15.67,15.7,4420200,AAL,-0.7426107142798593,46.926314285714284,53.27383
2013-04-10,79.0,81.85,79.0,81.23,1758927,AAP,4.173885350318471,56.284885714285714,55.43116333333333
2013-04-10,61.1571,62.4371,60.8585,62.2414,93895844,AAPL,-0.23376338791087037,56.47835714285714,55.30999333333333
2013-04-10,15.74,15.98,15.7,15.78,3650600,AAL,-0.7464709984029922,47.21407142857142,53.115993333333336
2013-04-11,61.9599,62.5699,61.5999,62.0471,82073628,AAPL,2.932008871989861,53.815085714285715,53.03147
2013-04-11,81.03,83.37,80.81,83.01,1041745,AAP,0.33785462978930525,54.42937142857143,53.07713666666667
2013-04-11,15.77,16.38,15.75,16.19,5062200,AAL,-0.8049632574388628,48.028357142857146,53.06180333333334
2013-04-12,62.0214,62.0214,61.2985,61.3999,59651011,AAPL,2.792458307597282,54.55691428571429,52.35346666666666
2013-04-12,82.96,83.52,81.58,81.99,1009086,AAP,0.33534419437165197,54.665485714285715,52.978563333333334
2013-04-12,16.11,16.39,15.95,16.14,3751800,AAL,-0.8031467252103914,48.079571428571434,52.95089666666667
2013-04-15,60.9999,61.1271,59.9357,59.9785,79157071,AAPL,2.7161400247831473,54.393642857142865,52.90775333333333
2013-04-15,81.89,82.2,79.99,80.27,1004499,AAP,0.3383128954542045,56.99691428571428,52.83875333333333
2013-04-15,16.2,16.39,15.47,15.59,6243400,AAL,-0.8057804908434035,47.365485714285704,52.802753333333335
2013-04-16,15.96,16.74,15.81,16.37,10458200,AAL,0.05003207184092373,47.39119999999999,51.30179333333333
2013-04-16,60.2242,60.9442,60.0814,60.8914,76222076,AAPL,2.719694563225412,47.31855714285714,52.806839999999994
2013-04-16,80.69,80.97,79.8,80.47,720223,AAP,0.3215330900586948,47.101414285714284,52.72817333333333
2013-04-17,80.25,80.25,79.05,79.82,762815,AAP,-0.008077544426494443,56.19855714285715,54.87117333333333
2013-04-17,60.0385,60.0857,56.8728,57.5428,236138966,AAPL,-0.2790929591581057,55.8506,54.73217333333333
2013-04-17,16.17,16.55,15.9,16.52,6581900,AAL,-0.7129093474770084,46.743457142857146,52.545506666666675
2013-04-18,79.8,79.86,78.805,78.92,651867,AAP,3.7772397094430996,55.7906,52.436173333333336
2013-04-18,16.54,16.54,15.95,16.1,7633300,AAL,-0.7959959452610238,55.75202857142857,50.93608
2013-04-18,57.8557,57.9699,55.6774,56.0071,166438048,AAPL,2.478701863354037,55.05427142857143,52.27998333333333
2013-04-19,55.4242,57.0857,55.0142,55.7899,152194413,AAPL,-0.0038780797434611047,51.52854285714285,52.124410000000005
2013-04-19,79.14,80.69,77.98,79.93,1044797,AAP,0.4326965992052325,51.54425714285714,52.09041
2013-04-19,16.1,16.24,15.85,16.02,5762600,AAL,-0.7995746277993244,45.612428571428566,52.10041
2013-04-22,56.0914,57.4571,55.8964,56.9528,107338322,AAPL,2.5551061173533087,51.38854285714286,51.96926666666666
2013-04-22,79.85,79.9699,78.75,79.07,564056,AAP,0.3883426275793287,51.40997142857143,51.91726666666667
2013-04-22,15.99,16.0,15.5,15.52,9227100,AAL,-0.8037182243581636,51.32711428571429,51.906600000000005
2013-04-23,57.7128,58.3401,56.9728,58.0185,160760747,AAPL,2.738305412371134,51.61445714285714,51.216883333333335
2013-04-23,79.55,81.23,79.53,80.55,653790,AAP,0.3883502675870627,55.15161428571429,51.86864666666666
2013-04-23,15.33,16.49,15.33,16.3,12302300,AAL,-0.79764121663563,46.06161428571429,51.888646666666666
2013-04-24,80.47,81.43,80.47,81.18,663747,AAP,3.9803680981595093,55.37018571428572,51.88698
2013-04-24,16.26,16.5,16.0,16.45,6114400,AAL,-0.7973638827297365,49.58407142857143,50.3606
2013-04-24,56.2199,59.3214,56.0714,57.9231,242387530,AAPL,2.521161094224924,46.56308571428571,51.76537
2013-04-25,16.55,16.73,16.19,16.22,5548800,AAL,-0.7199735511393555,46.66308571428572,50.2378
2013-04-25,82.6,84.01,82.05,83.0,1280254,AAP,4.117139334155364,50.23187142857143,50.23746666666667
2013-04-25,58.7464,59.1342,58.1428,58.3399,95984896,AAPL,-0.2971096385542169,47.059000000000005,51.64246333333333
2013-04-26,83.04,83.26,82.47,82.94,710347,AAP,0.4216685321709499,56.579,52.36046666666667
2013-04-26,16.38,16.73,16.16,16.59,7272100,AAL,-0.7999758861827827,47.35185714285715,50.18046666666667
2013-04-26,58.5442,59.8241,58.3214,59.6007,191006032,AAPL,2.592567811934901,53.516242857142856,51.62915666666666
2013-04-29,83.0,83.58,82.76,83.02,764828,AAP,0.3929366601398976,57.10151428571429,52.39720666666667
2013-04-29,16.7,16.97,16.56,16.81,5436400,AAL,-0.7975186701999518,57.18579999999999,50.28187333333334
2013-04-29,60.0642,61.9452,59.9999,61.4457,159958876,AAPL,2.655306365258775,54.106614285714286,51.81039666666667
2013-04-30,83.0,83.93,82.33,83.88,792369,AAP,0.3651077292633982,57.755199999999995,54.06073
2013-04-30,62.1571,63.6071,61.7242,63.2542,172737600,AAPL,-0.24589651883643304,54.94294285714286,54.13949
2013-04-30,16.8,17.05,16.57,16.9,3640700,AAL,-0.732824065437552,54.98722857142857,52.02049
2013-05-01,16.91,17.17,16.6,16.6,4943600,AAL,-0.017751479289940697,48.844271428571425,49.913156666666666
2013-05-01,63.4942,63.5614,62.0557,62.7557,126720237,AAPL,2.780463855421686,45.94937142857143,50.08692
2013-05-01,83.85,84.97,83.44,84.34,688085,AAP,0.3439416658566474,55.59651428571429,52.347586666666665
2013-05-02,63.1114,64.0842,62.9471,63.6457,105449078,AAPL,-0.24536755987668968,55.9108,51.83844333333333
2013-05-02,84.44,84.98,83.93,84.59,674663,AAP,0.32907643407174425,56.01222857142857,54.12144333333333
2013-05-02,16.72,16.98,16.6,16.94,4888900,AAL,-0.7997399219765929,49.39591428571429,52.81920666666667
2013-05-03,64.4728,64.7471,64.1642,64.2828,90319201,AAPL,2.7947343565525378,56.16488571428572,53.10230333333334
2013-05-03,85.02,85.74,84.14,84.56,694591,AAP,0.3154374109404072,65.87345714285713,53.256636666666665
2013-05-03,17.02,17.19,16.89,17.02,6451900,AAL,-0.7987228003784295,59.33978571428572,53.289970000000004
2013-05-06,84.71,85.05,84.03,84.91,394037,AAP,3.988836662749706,59.42121428571428,54.22187666666667
2013-05-06,65.1014,66.0285,64.9014,65.8156,124017747,AAPL,-0.22487810623012594,59.7312,53.78006333333333
2013-05-06,17.05,17.11,16.91,17.0,3930700,AAL,-0.7417025750733869,50.07548571428572,53.82939666666666
2013-05-07,17.15,17.15,16.95,16.98,3157000,AAL,-0.0011764705882352233,50.08119999999999,52.46144666666667
2013-05-07,85.31,85.7,84.61,85.58,429232,AAP,4.040047114252061,53.12365714285715,52.62911333333333
2013-05-07,66.4242,66.5356,64.8142,65.5225,120499960,AAPL,-0.2343713484458987,50.40401428571429,54.26986333333333
2013-05-08,17.01,17.55,16.99,17.34,6706200,AAL,-0.7353580831012247,50.449728571428565,52.14186333333334
2013-05-08,65.5771,66.4814,65.1156,66.2628,118010781,AAPL,2.8213840830449826,47.78584285714286,53.80229
2013-05-08,85.5,85.87,84.61,85.12,502835,AAP,0.2845819977423232,50.543614285714284,54.70885333333333
2013-05-09,65.6871,66.1428,65.0828,65.2528,99555337,AAPL,-0.2334022556390979,57.43687142857142,56.34328
2013-05-09,84.92,85.7,84.59,84.72,428060,AAP,0.2983350906014761,67.11401428571429,56.40061333333333
2013-05-09,17.53,17.86,17.34,17.38,6424000,AAL,-0.7948536355051936,57.37115714285714,55.03528333333334
2013-05-10,84.8,85.97,84.52,85.43,537369,AAP,3.9154200230149607,60.21508571428571,55.11828333333333
2013-05-10,17.61,17.81,17.41,17.76,4248200,AAL,-0.7921104998244176,60.275085714285716,55.15728333333333
2013-05-10,65.4242,65.6728,64.3542,64.7099,83631828,AAPL,2.6435754504504505,60.053242857142855,55.32759
2013-05-13,17.74,17.95,17.57,17.72,4250900,AAL,-0.7261624573674199,50.424671428571436,53.15092333333333
2013-05-13,64.5014,65.4142,64.4999,64.9628,79220953,AAPL,2.66607223476298,50.38324285714286,54.75601666666667
2013-05-13,85.25,85.38,83.66,85.0,727903,AAP,0.3084411386208723,50.42324285714285,55.54116
2013-05-14,85.18,86.23,84.96,86.12,387664,AAP,0.013176470588235345,60.24324285714285,55.61582666666667
2013-05-14,17.82,18.3,17.8,18.1,5989700,AAL,-0.7898281467719461,50.62467142857143,54.110686666666666
2013-05-14,64.8356,65.0285,63.1642,63.4085,111647130,AAPL,2.5032320441988944,57.14588571428572,55.66097
2013-05-15,62.7371,62.9999,60.3371,61.2642,185278968,AAPL,-0.03381723270539427,56.65364285714286,57.14977666666667
2013-05-15,85.96,86.54,85.42,86.4,348660,AAP,0.41028528896157956,66.46507142857142,57.93792
2013-05-15,18.37,18.99,18.31,18.81,8951500,AAL,-0.7822916666666667,59.87181428571429,55.75358666666666
2013-05-16,86.32,86.92,85.04,85.42,610588,AAP,3.54120148856991,59.93181428571429,56.479396666666666
2013-05-16,18.96,19.52,18.88,19.12,6679300,AAL,-0.7761648325918988,50.36038571428572,54.297063333333334
2013-05-16,60.4628,62.5499,59.8428,62.0825,150794546,AAPL,2.246992677824268,56.6436,55.801813333333335
2013-05-17,62.7214,62.8699,61.5728,61.8942,106973181,AAPL,-0.003033060846454383,56.42727142857143,55.72219333333333
2013-05-17,19.38,19.7,18.75,19.01,7540000,AAL,-0.6928629823149826,50.39095714285715,53.537193333333335
2013-05-17,85.57,86.46,85.51,86.16,573051,AAP,3.5323513940031557,50.35667142857143,55.841860000000004
2013-05-20,19.05,19.39,18.39,18.59,6055000,AAL,-0.784238625812442,50.32524285714286,53.631193333333336
2013-05-20,85.79,86.98,85.37,86.52,630338,AAP,3.6541151156535774,50.48238571428571,54.32134
2013-05-20,61.7014,63.6857,61.4428,63.2757,112681030,AAPL,-0.2686581137309292,56.79034285714285,55.863863333333335
2013-05-21,62.5928,63.6399,62.0285,62.8085,113921367,AAPL,-0.007383561145905881,56.89405714285714,57.39148
2013-05-21,18.55,18.7,17.65,17.95,10018700,AAL,-0.714210656200992,50.61631428571428,55.13714666666667
2013-05-21,87.17,88.74,87.05,87.18,748454,AAP,3.8568245125348195,60.354885714285714,55.85906333333334
2013-05-22,63.4357,64.0499,62.6028,63.0505,110727309,AAPL,-0.2767779307180547,57.05352857142857,57.38274666666666
2013-05-22,18.06,18.43,17.71,17.93,8662000,AAL,-0.7156247769644968,56.959242857142854,55.77165333333333
2013-05-22,87.25,87.33,85.55,85.8,514455,AAP,3.785276073619632,56.856385714285715,55.79432
2013-05-23,62.2785,63.7371,62.2557,63.1628,88244695,AAPL,-0.2638368298368299,56.84025714285714,55.724653333333336
2013-05-23,17.48,18.45,17.44,18.19,7482400,AAL,-0.7120140335767255,50.466185714285714,53.50698666666667
2013-05-23,84.57,85.42,83.22,84.08,1444650,AAP,3.6223199560197905,59.91332857142857,55.73032
2013-05-24,83.75,84.0199,83.12,83.39,589923,AAP,-0.008206470028544244,59.3719,55.66232000000001
2013-05-24,18.11,18.42,17.89,18.21,4277800,AAL,-0.781628492625015,52.96611428571429,55.67732
2013-05-24,62.9785,63.6657,62.9085,63.5928,69036716,AAPL,2.4921911037891267,59.48937142857143,55.64008333333334
2013-05-28,84.0,84.53,82.87,83.63,543927,AAP,0.3150859845768703,59.17937142857142,57.83708333333333
2013-05-28,18.44,18.72,18.05,18.12,4561900,AAL,-0.7833313404280761,52.74468571428571,56.27565666666667
2013-05-28,64.2714,64.4442,62.9785,63.0627,96404189,AAPL,2.480281456953642,59.155071428571425,55.54441333333333
2013-05-29,83.14,83.48,81.81,82.16,770171,AAP,0.3028303577233451,58.880785714285715,55.41241333333333
2013-05-29,18.06,18.15,17.65,17.83,4216200,AAL,-0.7829844206426485,49.515071428571424,55.40341333333333
2013-05-29,62.8571,63.9285,62.7714,63.5642,82641944,AAPL,2.565014021312395,55.99424285714286,55.40860333333333
2013-05-30,82.34,82.89,81.58,82.07,525025,AAP,0.29113557631496967,58.633842857142845,56.102129999999995
2013-05-30,17.92,18.22,17.66,17.67,4126600,AAL,-0.7846959912270013,49.210985714285705,53.811130000000006
2013-05-30,63.6642,64.9285,63.5014,64.5114,88379522,AAPL,2.6508998302207125,55.83832857142857,55.33451
2013-05-31,17.66,17.9,17.55,17.57,3831500,AAL,-0.7276450363811667,49.33937142857143,53.07284333333334
2013-05-31,64.6428,65.2999,64.2142,64.2478,95832240,AAPL,2.656676152532726,46.78048571428571,54.577103333333326
2013-05-31,81.78,83.124,81.51,81.52,493284,AAP,0.2688372208853844,55.87905714285714,55.225019999999994
2013-06-03,64.3899,64.6228,63.2114,64.3885,92926932,AAPL,-0.210150883218842,55.99681428571429,55.30816333333333
2013-06-03,81.54,82.57,80.3,82.55,917977,AAP,0.282061237643368,56.0653857142857,57.42616333333333
2013-06-03,17.54,17.9,17.4,17.73,5776800,AAL,-0.785221078134464,56.07395714285714,55.14516333333333
2013-06-04,17.78,18.2,17.56,17.65,4543800,AAL,-0.00451212633953757,49.379471428571435,55.11383
2013-06-04,82.39,83.39,81.88,81.99,548998,AAP,3.6453257790368276,58.58232857142856,54.962830000000004
2013-06-04,64.7456,64.9185,63.9128,64.1871,72860221,AAPL,-0.21713501646542255,58.57365714285714,54.99321
2013-06-05,81.96,82.94,81.53,81.55,472367,AAP,0.27050450947308713,58.57794285714285,55.61792666666667
2013-06-05,63.6642,64.3885,63.3871,63.5871,72545760,AAPL,-0.22026854690373998,58.46345714285714,57.139163333333336
2013-06-05,17.15,17.62,16.85,16.95,11852000,AAL,-0.7334364989125153,49.09202857142857,54.798163333333335
2013-06-06,81.77,83.24,81.635,83.23,343350,AAP,3.9103244837758115,58.44917142857143,55.47081333333333
2013-06-06,16.92,17.08,15.93,16.64,12738600,AAL,-0.8000720893908446,58.30488571428571,55.42781333333333
2013-06-06,63.6385,63.8571,62.0071,62.6371,104230322,AAPL,2.7642487980769226,55.54018571428571,54.65571666666666
2013-06-07,62.3571,63.3199,61.8242,63.1158,101120551,AAPL,0.007642435553370186,55.38714285714286,54.654149999999994
2013-06-07,16.89,17.1,16.65,17.02,4030900,AAL,-0.730336936234667,46.16857142857143,54.61514999999999
2013-06-07,83.49,84.53,83.18,84.32,541563,AAP,3.9541715628672147,49.13041428571428,54.62315
2013-06-10,17.09,17.35,17.05,17.26,4246400,AAL,-0.795303605313093,49.174699999999994,52.418816666666665
2013-06-10,84.32,84.96,83.39,83.62,369813,AAP,3.8447276940903823,49.23041428571428,54.59915
2013-06-10,63.5328,64.1541,62.3999,62.6985,112522179,AAPL,-0.25019732121502036,55.8102,54.56934
2013-06-11,16.94,17.26,16.75,16.92,3788700,AAL,-0.7301370846192492,49.279185714285724,52.34567333333334
2013-06-11,62.2485,63.2514,61.9028,62.5142,71526560,AAPL,2.6946926713947987,49.193242857142856,53.82548
2013-06-11,82.89,83.41,82.6,82.69,486934,AAP,0.3227394735915998,58.57467142857143,54.47972333333333
2013-06-12,16.97,17.2,16.65,16.88,3602200,AAL,-0.7958640706252268,48.94038571428572,52.30372333333333
2013-06-12,83.09,83.41,82.04,82.35,461216,AAP,3.878554502369668,58.238957142857146,54.45439
2013-06-12,62.7857,63.0357,61.6428,61.7414,66295887,AAPL,-0.2502562234365513,55.11344285714286,54.39363
2013-06-13,61.7857,62.4485,61.2499,62.2807,71456693,AAPL,0.008734819748175582,55.053757142857144,53.73398666666667
2013-06-13,16.85,17.07,16.64,17.01,5384700,AAL,-0.7268816824473714,55.06661428571429,53.71198666666667
2013-06-13,82.44,83.31,82.2,82.75,467126,AAP,3.8647854203409757,57.95744285714286,54.31994
2013-06-14,62.1999,62.3271,61.2142,61.4357,67962419,AAPL,-0.25757462235649553,54.92111428571429,55.78213
2013-06-14,16.96,17.25,16.81,16.93,2572500,AAL,-0.7244273280844851,54.92825714285714,54.20487
2013-06-14,82.61,83.64,81.64,82.48,521876,AAP,3.8718251624335505,54.94682857142857,54.236869999999996
2013-06-17,61.6342,62.2428,61.4802,61.7142,64818670,AAPL,-0.25176770126091175,54.94294285714285,54.14772666666667
2013-06-17,17.02,17.16,16.74,16.95,2845000,AAL,-0.7253468407595011,48.467128571428574,51.96106
2013-06-17,82.58,83.45,82.11,82.48,521596,AAP,3.866076696165192,57.819985714285714,54.11939333333334
2013-06-18,61.6514,62.1285,61.4585,61.6814,48753768,AAPL,-0.25216537342386036,54.81018571428571,55.587106666666664
2013-06-18,16.94,17.32,16.82,17.22,4298600,AAL,-0.7208234573145227,48.493657142857145,53.428106666666665
2013-06-18,82.5,83.71,82.14,83.69,345318,AAP,3.8600464576074334,58.0308,54.078203333333335
2013-06-19,83.3,84.48,82.44,84.07,1079373,AAP,0.004540566375911048,58.25794285714285,54.16220333333333
2013-06-19,61.6285,61.6657,60.4285,60.4285,77715057,AAPL,-0.2812120851671226,58.07427142857143,54.056916666666666
2013-06-19,17.16,17.27,17.0,17.06,2382500,AAL,-0.7176828814218457,58.08998571428571,54.06058333333333
2013-06-20,83.69,83.8,82.73,82.88,704461,AAP,3.8581477139507623,58.147128571428574,54.04891666666667
2013-06-20,59.8999,60.8542,59.3099,59.5482,89327210,AAPL,-0.2815130308880308,57.84238571428572,55.47919
2013-06-20,16.73,17.18,16.53,16.73,5234200,AAL,-0.719051121612408,57.77238571428571,53.948953333333336
2013-06-21,16.8,16.94,16.05,16.34,6423700,AAL,-0.023311416616855984,48.15095714285714,52.38976
2013-06-21,83.02,83.08,80.57,80.74,967901,AAP,3.9412484700122397,47.675242857142855,54.513760000000005
2013-06-21,59.7842,59.9999,58.3,59.0714,120286768,AAPL,-0.26837503096358684,47.48137142857143,53.67214
2013-06-24,79.85,80.87,79.49,80.22,705907,AAP,0.3580175854982277,56.50422857142856,55.770806666666665
2013-06-24,16.06,16.14,15.59,16.13,6691000,AAL,-0.7989279481426078,46.968514285714285,53.521139999999995
2013-06-24,58.1999,58.3799,56.8642,57.5057,120104964,AAPL,2.5651394916305024,46.67672857142857,53.34804666666666
2013-06-25,80.71,81.57,80.71,81.39,502751,AAP,0.4153379578024441,55.913871428571426,55.49704666666666
2013-06-25,57.9571,58.2557,56.9757,57.5185,78534687,AAPL,-0.29329770242044473,61.79651428571429,55.330523333333325
2013-06-25,16.22,16.5,16.16,16.46,3399500,AAL,-0.7138312021349653,52.61365714285714,53.122856666666664
2013-06-26,16.5,16.64,16.17,16.17,3604500,AAL,-0.01761846901579578,46.48488571428572,53.09919
2013-06-26,80.78,81.05,79.47,79.75,1178594,AAP,3.9319727891156457,46.41774285714286,53.012523333333334
2013-06-26,57.6999,57.8271,56.5228,56.8671,91924994,AAPL,-0.2869329153605016,52.23732857142858,52.850046666666664
2013-06-27,16.29,16.34,16.0,16.31,3566000,AAL,-0.7131909311359292,46.352228571428576,51.31769
2013-06-27,80.22,80.75,79.86,80.02,673139,AAP,3.9061925199264254,46.15651428571429,53.41802333333333
2013-06-27,57.0357,57.3414,56.2199,56.2542,84297955,AAPL,-0.2969982504373907,45.9759,52.53482999999999
2013-06-28,16.24,16.55,16.16,16.42,7063900,AAL,-0.7081106832912031,45.97018571428571,51.034306666666666
2013-06-28,80.01,81.75,79.701,81.17,831563,AAP,3.9433617539585866,55.2559,53.17564000000001
2013-06-28,55.9085,57.1814,55.5528,56.6471,144619734,AAPL,-0.3021177775040039,51.955485714285714,52.31454333333333
2013-07-01,16.5,17.04,16.48,16.8,4666900,AAL,-0.7034270068547198,46.231614285714286,50.81740333333333
2013-07-01,81.72,82.7,81.46,81.89,721391,AAP,3.8744047619047617,55.600185714285715,52.98207
2013-07-01,57.5271,58.8957,57.3171,58.4599,97743408,AAPL,-0.2861167419709366,52.52017142857143,52.18139999999999
2013-07-02,58.5657,60.2328,58.4957,59.7842,117442150,AAPL,0.022653134883911852,53.024457142857145,52.118159999999996
2013-07-02,16.78,16.79,16.36,16.43,4009300,AAL,-0.725178224346901,53.02588571428572,52.09182666666666
2013-07-02,82.0,82.66,81.04,81.47,456597,AAP,3.95861229458308,53.06874285714286,52.01782666666667
2013-07-03,16.06,16.8,16.04,16.75,2625800,AAL,-0.7944028476739904,47.36915714285714,49.773826666666665
2013-07-03,81.22,82.2,81.03,81.99,263283,AAP,3.8949253731343276,56.68201428571428,50.49254333333333
2013-07-03,60.1228,60.4257,59.6357,60.1142,60232158,AAPL,-0.2668105866569094,53.57118571428571,51.927683333333334
2013-07-05,60.0557,60.4699,59.3357,59.6314,68505794,AAPL,-0.008031380272880528,53.73854285714286,51.15273
2013-07-05,16.93,17.0,16.68,16.84,2397200,AAL,-0.7175984464560617,47.60365714285714,49.72912333333333
2013-07-05,82.62,82.9,81.445,82.58,273918,AAP,3.9038004750593824,57.05365714285714,51.924123333333334
2013-07-08,16.94,17.09,16.85,16.94,2671200,AAL,-0.7948655848873819,47.83508571428571,51.94412333333333
2013-07-08,60.0157,60.1428,58.6642,59.2928,74521398,AAPL,2.500165289256198,53.91262857142857,51.229216666666666
2013-07-08,83.1,84.01,82.94,83.72,616938,AAP,0.4119758216849263,54.15977142857143,52.05083666666666
2013-07-09,59.0857,60.4999,58.6257,60.3357,88142026,AAPL,-0.2793155757286192,54.19141428571429,51.38802666666666
2013-07-09,17.01,17.38,16.97,17.36,4076600,AAL,-0.7122764797623962,48.15264285714285,51.42902666666667
2013-07-09,84.02,84.16,83.14,83.2,376874,AAP,3.7926267281105996,57.632642857142855,52.28550333333333
2013-07-10,17.32,17.48,17.01,17.17,4289700,AAL,-0.7936298076923076,48.288357142857144,50.14483666666667
2013-07-10,59.9428,60.6857,59.7499,60.1042,70107226,AAPL,2.5005358182877107,54.45467142857143,50.23102666666667
2013-07-10,83.25,83.31,82.6,82.75,829283,AAP,0.3767756662595958,57.8057,52.440693333333336
2013-07-11,60.4214,61.1785,60.1671,61.0411,81571665,AAPL,-0.26234320241691844,54.56585714285715,53.93639666666666
2013-07-11,83.5,83.72,82.71,82.76,788696,AAP,0.35580780818170066,57.769328571428574,54.03673
2013-07-11,17.4,17.5,17.27,17.37,3153800,AAL,-0.7901159980666989,57.77075714285714,52.72016
2013-07-12,82.93,83.325,82.33,82.67,505599,AAP,3.759355210132412,57.695042857142866,54.932159999999996
2013-07-12,61.0928,61.3985,60.4871,60.9299,69882694,AAPL,-0.2629744768356115,63.94645714285714,54.29582333333333
2013-07-12,17.36,17.85,17.35,17.56,3947100,AAL,-0.7117999537173048,57.86871428571429,53.00601666666667
2013-07-15,82.9,83.48,82.13,83.38,461123,AAP,3.7482915717539864,57.95871428571429,55.23801666666667
2013-07-15,17.66,17.83,17.56,17.76,3267000,AAL,-0.7869992804029743,51.77569999999999,53.12435
2013-07-15,60.7157,61.6371,60.6857,61.0628,60478033,AAPL,2.4382207207207207,48.676100000000005,53.271539999999995
2013-07-16,83.29,83.65,81.85,82.38,450224,AAP,0.34910289079439516,57.96324285714286,55.45754
2013-07-16,60.9314,61.5299,60.5957,61.4564,54033805,AAPL,-0.2539888322408351,54.93272857142858,54.77642
2013-07-16,17.86,18.0,17.75,17.95,3839100,AAL,-0.7079230153409573,48.792742857142855,53.42609000000001
2013-07-17,82.55,82.8899,81.44,81.49,460785,AAP,3.5398328690807794,57.925599999999996,54.14961666666667
2013-07-17,61.3857,61.7457,61.1742,61.4728,49743169,AAPL,-0.2456399558228003,54.796,55.65104333333333
2013-07-17,17.96,18.47,17.95,18.45,6291800,AAL,-0.6998672583646751,54.89457142857143,53.550376666666665
2013-07-18,18.7,18.93,18.31,18.42,8434200,AAL,-0.001626016260162455,48.80274285714286,53.60604333333333
2013-07-18,61.9114,62.1242,61.5157,61.6797,54696012,AAPL,2.3485179153094458,45.84555714285714,52.92903333333333
2013-07-18,81.5,82.658,81.4,82.5,1015370,AAP,0.33755514375069917,48.85178571428571,53.67522666666666
2013-07-19,18.26,18.37,18.0,18.23,4122700,AAL,-0.779030303030303,48.89178571428572,52.295179999999995
2013-07-19,61.8714,61.9971,60.6214,60.7071,67174828,AAPL,2.3300658255622597,45.9228,53.75741666666667
2013-07-19,82.15,82.74,82.01,82.21,355861,AAP,0.3542073332443816,48.88525714285714,53.74508333333333
2013-07-22,82.05,82.99,81.58,82.75,548236,AAP,0.0065685439727527495,58.07097142857143,55.938750000000006
2013-07-22,61.3514,61.3928,60.7811,60.9014,51946202,AAPL,-0.264031419939577,64.13974285714285,55.99237
2013-07-22,18.25,18.3,18.0,18.15,4705200,AAL,-0.7019772944464331,57.92121428571429,53.80670333333333
2013-07-23,82.99,83.59,82.46,82.7,584942,AAP,3.556473829201102,57.94978571428572,54.55218
2013-07-23,60.8571,60.9942,59.8157,59.8557,91062300,AAPL,-0.2762309552599759,63.89631428571429,55.96870333333333
2013-07-23,18.33,18.34,17.85,18.05,4893700,AAL,-0.6984414182776244,57.80244285714286,53.79703666666667
2013-07-24,82.82,82.95,81.27,81.53,517905,AAP,3.5168975069252078,57.7053,55.94237
2013-07-24,18.43,18.71,18.22,18.5,10792800,AAL,-0.7730896602477616,48.52672857142857,54.55556333333333
2013-07-24,62.7042,63.5128,62.1799,62.9299,147978789,AAPL,2.4016162162162162,48.816514285714284,53.894893333333336
2013-07-25,81.9,82.46,81.05,82.22,925230,AAP,0.30653314243308816,57.96937142857143,54.60085666666667
2013-07-25,18.49,18.85,18.3,18.83,9851900,AAL,-0.7709802967647774,48.84508571428571,52.46985666666667
2013-07-25,62.9571,63.0571,62.2585,62.6428,57371671,AAPL,2.326755177907595,49.24324285714285,53.978950000000005
2013-07-26,82.93,83.43,82.38,82.64,620011,AAP,0.3192258328171793,58.47038571428571,53.97794999999999
2013-07-26,18.74,19.11,18.68,19.09,7797700,AAL,-0.7689980638915779,49.55038571428571,52.58328666666667
2013-07-26,62.1857,63.0057,62.0485,62.9985,50031170,AAPL,2.300078575170246,55.907314285714286,54.097903333333335
2013-07-29,19.07,19.26,18.93,19.23,6462700,AAL,-0.694754637015167,49.66447142857142,51.95957
2013-07-29,82.61,82.88,81.93,82.33,332070,AAP,3.28133125325013,49.68018571428571,54.11190333333333
2013-07-29,62.9714,64.2842,62.8857,63.9699,62021344,AAPL,-0.2230061945827766,56.12874285714286,54.20880666666667
2013-07-30,64.2799,65.3071,64.1757,64.7599,77257432,AAPL,0.01234955815156824,56.43118571428571,53.62147
2013-07-30,19.33,19.45,19.11,19.2,6091900,AAL,-0.7035202339719486,47.36832857142857,52.212923333333336
2013-07-30,82.53,82.8,82.15,82.19,482674,AAP,3.280729166666667,56.38261428571429,54.35425666666666
2013-07-31,82.25,83.07,82.01,82.49,521429,AAP,0.0036500790850468867,59.167114285714284,54.387589999999996
2013-07-31,19.25,19.49,19.19,19.35,9571100,AAL,-0.765426112256031,59.18425714285714,52.983496666666674
2013-07-31,64.9985,65.3346,64.2042,64.6471,80637830,AAPL,2.3409354005167953,56.65812857142857,54.5234
2013-08-01,19.44,19.59,19.24,19.38,7989100,AAL,-0.700218571289354,50.28814285714286,54.5554
2013-08-01,65.1075,65.2571,64.7514,65.2394,51461179,AAPL,2.3663261093911254,50.35664285714286,54.674056666666665
2013-08-01,83.17,83.72,82.47,83.43,912861,AAP,0.27882843802977963,59.532357142857144,54.70505666666667
2013-08-02,83.29,83.52,82.83,83.47,412701,AAP,0.00047944384513964877,59.71521428571428,56.87972333333334
2013-08-02,65.4299,66.1214,65.2371,66.0771,68467077,AAPL,-0.2083730681682041,57.370514285714286,57.05872333333333
2013-08-02,19.38,19.39,18.9,18.92,7382700,AAL,-0.7136678213783595,57.30908571428571,54.949056666666664
2013-08-05,18.9,19.25,18.9,19.17,4365800,AAL,0.013213530655391104,50.81235714285714,52.82972333333333
2013-08-05,66.3842,67.2385,66.0214,67.0642,79589930,AAPL,2.4983933229003648,57.624385714285715,53.03515
2013-08-05,83.19,83.8,82.9,83.41,445654,AAP,0.24373361644513758,60.22018571428571,55.210483333333336
2013-08-06,66.8599,67.4128,66.0242,66.4642,83715443,AAPL,-0.20316269032490097,57.796499999999995,54.669290000000004
2013-08-06,83.42,83.42,82.5,83.18,637594,AAP,0.2515008079537555,57.75507142857143,55.44676666666667
2013-08-06,19.17,19.2,18.83,18.92,3350300,AAL,-0.7725414763164222,51.018342857142855,55.47576666666667
2013-08-07,66.2571,66.7142,65.9671,66.4256,74663176,AAPL,2.5108668076109937,57.804857142857145,54.97228666666667
2013-08-07,18.84,18.98,18.52,18.87,4318500,AAL,-0.715922776760767,57.762,54.98462
2013-08-07,82.82,82.93,81.82,82.29,996410,AAP,3.360890302066773,59.93711428571429,55.629956666666665
2013-08-08,83.0,83.14,79.33,81.65,2492117,AAP,-0.007777372706282648,59.685685714285725,55.61095666666667
2013-08-08,66.2649,66.2999,65.4214,65.8585,63946841,AAPL,-0.19340477648499688,59.59915714285715,57.17857333333333
2013-08-08,18.99,19.13,18.9,18.98,4269900,AAL,-0.7118063727537068,50.42772857142858,55.723146666666665
2013-08-09,81.34,83.24,81.06,83.17,1403632,AAP,3.381981032665964,59.6063,55.740813333333335
2013-08-09,65.5199,65.7799,64.8071,64.9214,66772986,AAPL,-0.21941324996994105,59.39141428571429,57.26852666666666
2013-08-09,18.91,19.08,18.56,18.6,4720600,AAL,-0.7134997088787365,59.35284285714287,55.78857666666667
2013-08-12,65.2656,66.9499,65.2328,66.7656,91008477,AAPL,2.5895483870967744,57.135071428571436,57.37309666666667
2013-08-12,18.49,18.88,18.07,18.82,4674800,AAL,-0.7181183124243622,48.15935714285714,55.256096666666664
2013-08-12,83.14,83.5,82.41,82.45,687053,AAP,3.3809776833156215,50.52957142857143,55.8721
2013-08-13,67.2771,70.6656,66.8642,69.9385,219634975,AAPL,-0.15174651303820497,57.809357142857145,56.04472
2013-08-13,82.73,84.93,82.41,84.49,1200805,AAP,0.2080613682020631,57.997928571428574,58.22105333333333
2013-08-13,18.86,18.95,16.29,16.36,78591200,AAL,-0.806367617469523,51.06058571428572,56.026720000000005
2013-08-14,84.28,84.67,83.51,83.55,405505,AAP,4.106968215158925,60.33915714285714,56.06205333333334
2013-08-14,16.05,16.34,15.35,16.17,28026200,AAL,-0.8064631956912028,53.11121428571429,55.95605333333333
2013-08-14,71.1256,72.0356,70.4856,71.2142,188602792,AAPL,3.4040940012368583,60.5961,56.17495666666667
2013-08-15,82.94,83.27,81.87,81.88,717733,AAP,0.14977069180023062,60.51467142857143,58.25829
2013-08-15,70.9171,71.7712,69.869,71.1299,122441893,AAPL,-0.13129091353199795,60.684871428571434,58.454640000000005
2013-08-15,15.97,16.16,15.65,15.72,10372800,AAL,-0.7789958934287831,50.86058571428571,56.19764
2013-08-16,15.7,16.42,15.7,16.01,8824700,AAL,0.018447837150127322,50.81058571428571,53.948973333333335
2013-08-16,71.4499,71.8485,71.2656,71.7614,90461889,AAPL,3.482286071205496,49.12650000000001,54.13845
2013-08-16,81.66,81.86,80.72,80.8,640919,AAP,0.12595350703860286,58.35935714285714,56.20111666666667
2013-08-19,72.0485,73.3914,71.9999,72.5342,127478547,AAPL,-0.102299504950495,58.54792857142858,57.97992333333333
2013-08-19,15.97,15.99,15.62,15.64,6141500,AAL,-0.7843775763708706,49.08507142857143,56.26578333333334
2013-08-19,80.75,81.43,80.266,80.35,680869,AAP,4.1374680306905365,50.402228571428566,56.16378333333333
2013-08-20,80.53,82.09,80.32,81.66,604143,AAP,0.016303671437461142,59.822228571428575,56.67031
2013-08-20,15.64,16.21,15.6,15.8,6373900,AAL,-0.8065148175361254,59.792228571428566,54.42431
2013-08-20,72.8156,72.9385,71.5456,71.5814,89531771,AAPL,3.53046835443038,59.76651428571428,56.17969
2013-08-21,15.8,15.99,15.75,15.81,4234300,AAL,-0.7791325679575979,50.48222857142857,54.49250333333334
2013-08-21,81.58,82.22,81.199,81.73,685648,AAP,4.169512966476914,51.79591428571429,56.58783666666667
2013-08-21,71.9414,72.4499,71.5999,71.7656,83809726,AAPL,-0.12191851217423222,59.813857142857145,56.23702333333333
2013-08-22,15.91,16.37,15.9,16.27,4770200,AAL,-0.7732897098331234,50.65957142857143,54.05769
2013-08-22,81.67,82.25,81.53,81.8,382159,AAP,4.027658266748617,50.67957142857143,54.58907333333334
2013-08-22,72.1399,72.2271,71.1714,71.8514,60877852,AAPL,-0.12162102689486554,58.68691428571429,56.35145333333334
2013-08-23,16.3,16.4,16.1,16.16,2190400,AAL,-0.7750913691312904,50.76957142857143,54.11778666666667
2013-08-23,82.04,83.17,81.77,83.01,481862,AAP,4.136757425742575,60.369571428571426,54.72074
2013-08-23,71.8956,71.9071,71.3356,71.5742,55587686,AAPL,-0.1377641248042405,58.91874285714285,56.48654666666666
2013-08-26,83.14,83.9,83.02,83.1,267629,AAP,0.16103288615171363,60.53794285714285,57.03102666666667
2013-08-26,71.5356,72.8856,71.4999,71.8528,82398085,AAPL,-0.1353453670276774,68.47834285714285,58.798786666666665
2013-08-26,16.16,16.41,16.03,16.21,2808200,AAL,-0.7743998842077136,59.10834285714286,56.590786666666666
2013-08-27,15.87,16.0,15.33,15.47,6422300,AAL,-0.04565083281924742,51.05385714285715,54.77517
2013-08-27,82.32,82.61,81.53,81.53,583289,AAP,4.270200387847447,60.392428571428574,54.676503333333336
2013-08-27,71.1428,71.7871,69.4714,69.7985,105930335,AAPL,-0.14389181896234515,58.50507142857143,56.45778666666667
2013-08-28,69.4285,70.8285,69.4285,70.1279,76793066,AAPL,0.004719299125339305,58.298457142857146,56.01038333333334
2013-08-28,81.4,81.74,80.95,81.07,311107,AAP,0.15603062404549406,58.00845714285714,58.17371666666667
2013-08-28,15.38,15.53,15.28,15.34,3613100,AAL,-0.8107808067102504,49.9352,56.31124333333333
2013-08-29,81.0,81.59,80.68,81.26,403056,AAP,4.297262059973924,59.228057142857146,56.29057666666667
2013-08-29,16.03,16.39,15.72,15.96,7645000,AAL,-0.8035934038887522,59.29805714285715,54.45158
2013-08-29,70.2356,70.9285,70.1614,70.2428,59807748,AAPL,3.4011779448621553,57.68560000000001,56.26900666666666
2013-08-30,80.76,81.13,79.73,80.07,658388,AAP,0.13990330681578733,59.15295714285714,58.404340000000005
2013-08-30,16.1,16.73,16.07,16.16,7569500,AAL,-0.7981765954789559,51.44325714285714,56.55096
2013-08-30,70.2856,70.4214,69.4999,69.6022,68078395,AAPL,3.3070668316831684,49.805,56.177699999999994
2013-09-03,70.4428,71.5142,69.6214,69.7971,83000148,AAPL,0.002800198844289392,57.584585714285716,56.086463333333334
2013-09-03,81.3499,81.3499,79.41,79.78,904206,AAP,0.14302743237183213,57.373157142857146,58.22446333333333
2013-09-03,16.38,16.64,16.11,16.39,4178200,AAL,-0.7945600401103033,57.43458571428572,56.092463333333335
2013-09-04,71.3656,71.7485,70.8971,71.2415,86049453,AAPL,3.3466442953020135,57.57725714285714,55.74518
2013-09-04,79.85,80.04,79.35,79.78,854647,AAP,0.11985289473130134,57.53582857142857,57.87784666666666
2013-09-04,16.49,16.85,16.44,16.81,4839200,AAL,-0.7892955627976936,57.628685714285716,56.05213333333334
2013-09-05,71.4642,71.5256,70.5199,70.7528,58913211,AAPL,3.208970850684117,57.793057142857144,57.88356
2013-09-05,79.71,80.49,79.71,80.04,296291,AAP,0.1312626496760554,59.256328571428575,57.82722666666667
2013-09-05,16.95,17.13,16.88,16.99,3528500,AAL,-0.7877311344327836,50.28632857142857,56.00137333333334
2013-09-06,71.2056,71.3399,69.9928,71.1742,89551595,AAPL,3.189181871689229,58.11264285714286,57.831513333333326
2013-09-06,80.04,80.388,78.91,79.12,546804,AAP,0.1116387679805324,59.23814285714286,57.74218
2013-09-06,17.18,17.2,16.62,16.8,4512900,AAL,-0.7876643073811931,50.241,55.907133333333334
2013-09-09,72.1428,72.5599,71.9256,72.3099,84887432,AAPL,3.3041607142857137,58.16955714285714,57.77879666666667
2013-09-09,16.86,17.47,16.84,17.47,5276200,AAL,-0.7584009935015814,50.55772857142858,55.59413
2013-09-09,79.31,79.96,79.31,79.64,406973,AAP,3.558672009158558,50.50058571428571,55.86299
2013-09-10,79.99,81.26,79.925,81.08,727636,AAP,0.018081366147664424,59.656299999999995,55.795656666666666
2013-09-10,17.69,18.18,17.64,18.12,5827000,AAL,-0.7765170202269364,52.07712857142857,54.00456333333333
2013-09-10,72.3142,72.4928,69.9285,70.6628,185494435,AAPL,2.8997130242825606,50.86895714285714,55.81965666666667
2013-09-11,81.05,81.5495,80.762,81.44,285352,AAP,0.15251589237901686,60.10324285714285,58.018656666666665
2013-09-11,18.03,18.04,17.31,17.72,6391100,AAL,-0.7824165029469549,52.30468571428572,55.89165666666667
2013-09-11,66.7157,67.6699,66.4014,66.8156,224250866,AAPL,2.7706320541760725,59.35405714285714,55.792226666666664
2013-09-12,17.69,17.95,17.55,17.63,3475500,AAL,-0.736139464436449,50.49548571428572,54.042296666666665
2013-09-12,81.33,81.5,80.04,80.37,380111,AAP,3.558706749858197,50.39405714285715,54.01896333333333
2013-09-12,66.9285,67.9142,66.5728,67.5271,100874816,AAPL,-0.1597971880054747,57.452214285714284,55.75853333333334
2013-09-13,17.71,18.03,17.71,17.87,2590600,AAL,-0.7353655051083194,49.91038571428572,53.64553333333334
2013-09-13,80.58,80.58,79.26,79.38,414341,AAP,3.4420817011751534,49.6161,55.75953333333334
2013-09-13,67.0485,67.4041,66.3856,66.4142,74578903,AAPL,-0.16333837238599147,56.57241428571428,55.63191333333334
2013-09-16,65.8571,65.9442,63.8885,64.3028,136823442,AAPL,-0.03179139400911235,56.21344285714286,55.10634
2013-09-16,18.16,18.41,17.97,18.07,5691300,AAL,-0.7189857984411254,56.2763,55.17000666666667
2013-09-16,80.02,80.21,79.67,79.72,573477,AAP,3.411732152739347,56.18344285714286,55.507266666666666
2013-09-17,63.9942,65.6728,63.9285,65.0456,99756489,AAPL,-0.18407425990968396,55.828942857142856,55.34888333333333
2013-09-17,18.57,18.82,18.5,18.72,5634500,AAL,-0.7122019014353007,55.95037142857143,53.31355
2013-09-17,79.67,80.15,79.47,79.93,337160,AAP,3.2697649572649583,56.02894285714286,55.43155
2013-09-18,66.1685,66.6214,65.8085,66.3828,113743049,AAPL,-0.16948830226448142,56.024457142857145,55.26959333333333
2013-09-18,18.68,18.8,18.47,18.68,4482400,AAL,-0.7186018064920432,49.50691428571428,53.23292666666667
2013-09-18,80.05,80.42,79.09,80.36,504950,AAP,3.3019271948608138,58.40548571428571,55.35126
2013-09-19,80.41,81.07,80.3959,80.71,733293,AAP,0.00435540069686402,58.54691428571429,55.683166666666665
2013-09-19,67.2428,67.9756,67.0356,67.4714,100918377,AAPL,-0.16402676248296355,58.893457142857145,55.26421333333334
2013-09-19,18.67,19.13,18.61,18.97,5189900,AAL,-0.7188438360549804,58.92917142857142,55.33021333333333
2013-09-20,81.17,81.31,80.6,80.65,775517,AAP,3.2514496573537173,59.03202857142857,55.646073333333334
2013-09-20,18.94,19.21,18.83,18.89,4989100,AAL,-0.765778053316801,52.24734285714286,53.63840666666667
2013-09-20,68.2856,68.3642,66.5714,66.7728,174570949,AAPL,2.5348226574907358,59.11774285714286,55.30416666666667
2013-09-23,80.57,80.7,79.47,79.79,696196,AAP,0.19494764335178405,59.03631428571429,55.55350333333333
2013-09-23,18.89,19.0,18.54,18.86,3354400,AAL,-0.763629527509713,50.20060000000001,55.59983666666667
2013-09-23,70.8714,70.9871,68.9428,70.0914,190021706,AAPL,2.7164050901378576,50.57488571428571,55.28155
2013-09-24,70.6971,70.7814,69.6885,69.8714,90602953,AAPL,-0.0031387588206256423,57.84651428571429,54.90793
2013-09-24,79.6,80.59,79.24,80.1,666192,AAP,0.14639179979218975,57.76794285714285,56.97393
2013-09-24,18.79,19.28,18.68,18.99,5610900,AAL,-0.7629213483146068,57.78222857142857,55.25150333333333
2013-09-25,19.13,19.39,18.8,19.18,3519500,AAL,0.010005265929436513,50.98325714285714,53.17617
2013-09-25,69.8856,69.9485,68.7757,68.7899,79110192,AAPL,2.586543274244004,49.411814285714286,54.8785
2013-09-25,80.13,81.57,79.97,81.46,768894,AAP,0.18418546908775846,58.35467142857142,55.36664666666666
2013-09-26,69.4285,69.7942,69.1285,69.4599,59086559,AAPL,-0.1473127915541369,58.26445714285715,57.09430999999999
2013-09-26,81.6,82.09,81.41,81.68,541448,AAP,0.17593028495578023,59.9514,57.13797666666667
2013-09-26,19.17,19.48,19.1,19.47,3301300,AAL,-0.7616307541625857,51.28997142857143,55.536073333333334
2013-09-27,19.09,19.35,18.77,19.08,4223100,AAL,-0.02003081664098616,51.30282857142858,55.576406666666664
2013-09-27,81.2,82.31,81.2,82.06,639580,AAP,3.300838574423481,60.28568571428572,55.66574
2013-09-27,69.1114,69.2385,68.6742,68.9642,56816676,AAPL,-0.15958810626370945,60.31058571428572,55.75074
2013-09-30,68.1785,68.8085,67.7729,68.1071,64852879,AAPL,-0.012428187378378919,58.40302857142857,55.87755
2013-09-30,81.34,82.82,81.14,82.68,722681,AAP,0.21397034964049277,60.29161428571428,58.031216666666666
2013-09-30,18.34,19.22,18.04,18.96,4364300,AAL,-0.7706821480406386,51.33161428571429,56.00588333333334
2013-10-01,82.7,83.94,82.6,83.48,1005074,AAP,3.4029535864978904,60.47590000000001,56.62036333333334
2013-10-01,68.3499,69.8771,68.3401,69.7085,88255013,AAPL,-0.1649676569238141,67.70854285714286,58.31998
2013-10-01,18.98,19.85,18.98,19.69,7630300,AAL,-0.7175380333818688,58.79854285714286,56.31198
2013-10-02,20.0,20.1,19.74,19.84,5555100,AAL,0.007618080243778413,51.7808,54.760553333333334
2013-10-02,69.3756,70.2571,69.1071,69.9371,71849680,AAPL,2.525055443548387,52.04222857142857,56.46912333333333
2013-10-02,82.9,83.05,82.0,82.62,437446,AAP,0.18134723916204698,52.03365714285714,56.54445666666666
2013-10-03,20.0,20.5,19.67,20.48,7886500,AAL,-0.7521181312030986,52.250800000000005,54.53679
2013-10-03,82.36,82.81,81.28,81.9,423074,AAP,2.9990234375,52.025085714285716,55.017743333333335
2013-10-03,70.0728,70.3356,68.6769,69.0585,80629248,AAPL,-0.15679487179487195,51.93222857142858,56.68736
2013-10-04,81.87,83.17,81.86,83.16,281465,AAP,0.2041964421468756,60.99937142857143,56.77102666666667
2013-10-04,20.31,20.75,20.31,20.53,6492900,AAL,-0.7531265031265031,61.09794285714286,56.825693333333334
2013-10-04,69.1228,69.2285,68.3714,69.0042,64673329,AAPL,2.3611397954213342,60.96467142857143,56.90007333333333
2013-10-07,82.76,82.76,81.65,81.98,455580,AAP,0.1880436263299916,60.87324285714286,56.97307333333333
2013-10-07,69.5085,70.3785,69.3356,69.6785,77919884,AAPL,-0.15005489143693584,67.9016,58.667023333333326
2013-10-07,20.41,20.77,20.3,20.39,3837200,AAL,-0.7073702792109474,59.11445714285714,57.010310000000004
2013-10-08,81.84,82.5,81.04,81.25,494585,AAP,2.984796468857283,60.856100000000005,57.38959666666666
2013-10-08,20.32,20.43,19.92,20.02,4188900,AAL,-0.7536,51.8361,55.38693
2013-10-08,69.9914,70.0914,68.6485,68.7056,72418815,AAPL,2.4318481518481523,58.71832857142858,57.04411666666667
2013-10-09,69.2342,69.6842,68.3256,69.5125,75311488,AAPL,0.011744311962925913,58.79094285714286,58.72186666666666
2013-10-09,20.08,20.27,19.77,20.06,3358000,AAL,-0.7114188095666247,49.94522857142857,57.09753666666666
2013-10-09,81.22,81.409,80.28,80.48,530059,AAP,3.0119641076769694,51.488299999999995,57.064870000000006
2013-10-10,70.1885,70.3399,69.5771,69.9482,69650490,AAPL,-0.1308623260437376,58.56804285714286,57.08114666666667
2013-10-10,20.35,20.65,20.27,20.5,3372000,AAL,-0.7069259823698109,49.88947142857143,55.04181333333334
2013-10-10,81.25,81.8,80.57,81.76,483702,AAP,2.9882926829268297,58.709471428571426,57.11814666666667
2013-10-11,81.82,82.35,80.88,82.33,504039,AAP,0.006971624266144838,60.65581428571429,59.22648
2013-10-11,69.5699,70.5485,69.3085,70.4016,66934938,AAPL,-0.1448852180250212,60.782828571428574,58.83786666666667
2013-10-11,20.5,20.73,20.42,20.72,3503300,AAL,-0.7056885070793846,60.877114285714285,57.22972666666667
2013-10-14,82.16,83.62,82.0,83.61,405131,AAP,3.03523166023166,61.32425714285715,57.74649
2013-10-14,69.9756,71.0828,69.9071,70.8628,65474542,AAPL,-0.15246023202966164,61.45491428571428,57.35258333333333
2013-10-14,20.52,20.67,20.26,20.58,3066400,AAL,-0.7095796383998374,61.466342857142855,57.40658333333333
2013-10-15,83.3,83.3,82.25,82.5,585154,AAP,3.0087463556851315,61.57205714285714,57.373916666666666
2013-10-15,20.64,20.83,20.32,20.5,3089000,AAL,-0.7515151515151515,52.7392,55.73363333333334
2013-10-15,71.0721,71.7142,70.7885,71.2399,80018603,AAPL,2.475117073170732,52.85895714285714,57.45196333333333
2013-10-16,71.5414,71.7899,71.3185,71.5876,62775013,AAPL,0.004880691859477482,60.12575714285715,59.17688333333333
2013-10-16,20.57,20.73,20.45,20.62,3478800,AAL,-0.7119612893853124,51.12718571428571,57.53298
2013-10-16,97.26,99.3,95.15,96.16,7301816,AAP,3.663433559650824,54.74107142857143,57.98431333333333
2013-10-17,20.72,21.06,20.64,21.0,4487000,AAL,-0.7816139767054908,54.80107142857143,58.001646666666666
2013-10-17,71.4256,72.1114,71.3828,72.0714,63398335,AAPL,2.4319714285714285,53.31127142857143,57.67402666666666
2013-10-17,96.65,97.97,95.82,97.22,3577604,AAP,0.34894007886623557,64.27127142857144,58.612743333333334
2013-10-18,97.35,98.91,97.35,98.7,1300529,AAP,0.015223205101830839,68.19414285714285,59.130743333333335
2013-10-18,72.2842,72.7514,72.2442,72.6985,72635570,AAPL,-0.26343971631205676,68.35284285714285,60.86969333333333
2013-10-18,21.23,21.35,20.82,21.14,3676600,AAL,-0.7092099561889171,68.42712857142858,59.27422000000001
2013-10-21,73.1099,74.8999,73.0742,74.4802,99526945,AAPL,2.523188268684957,65.33001428571428,59.02422666666667
2013-10-21,99.11,99.4,97.77,98.45,615833,AAP,0.3218278146406697,76.3943,59.98327666666667
2013-10-21,21.23,21.34,21.07,21.22,2104100,AAL,-0.7844591163026917,69.12981428571429,60.01094333333334
2013-10-22,99.0,99.6,98.04,98.72,779284,AAP,3.6522148916116874,69.3441,60.59327666666666
2013-10-22,75.2006,75.4927,72.5756,74.2667,133515753,AAPL,-0.24770360615883302,65.85362857142857,62.401500000000006
2013-10-22,21.53,21.99,21.34,21.95,5208400,AAL,-0.7044435796931869,58.60384285714285,60.842980000000004
2013-10-23,21.82,22.09,21.31,21.4,5540000,AAL,-0.02505694760820054,58.64098571428571,59.23923
2013-10-23,74.1428,75.0956,74.1428,74.9942,78431122,AAPL,2.504401869158879,58.714414285714284,61.070370000000004
2013-10-23,98.73,99.84,98.3,99.77,498792,AAP,0.33036954857842327,58.902985714285705,61.713370000000005
2013-10-24,74.9999,76.0671,74.6356,75.9871,96191095,AAPL,-0.2383772677157462,66.72685714285714,61.91466666666667
2013-10-24,99.44,99.51,98.501,99.42,767363,AAP,0.30837997502207615,66.82685714285714,64.54533333333333
2013-10-24,22.08,23.16,21.82,22.67,9779400,AAL,-0.771977469322068,59.4559,62.57566666666666
2013-10-25,101.32,102.74,101.02,102.67,826661,AAP,3.5288928098809,70.98732857142858,63.25366666666667
2013-10-25,22.76,23.08,21.65,22.15,9907100,AAL,-0.7842602512905426,71.09447142857142,61.64527999999999
2013-10-25,75.9021,76.1756,75.0156,75.1368,84448133,AAPL,2.392180586907449,71.11484285714286,63.459173333333325
2013-10-28,102.67,102.82,100.85,101.0,617856,AAP,0.3442148188371079,71.29055714285714,64.03884
2013-10-28,22.24,22.63,21.88,22.01,4642800,AAL,-0.7820792079207921,63.57954285714285,62.41041333333333
2013-10-28,75.5771,75.8571,74.7442,75.6965,137610123,AAPL,2.439186733303044,60.19047142857143,64.24763
2013-10-29,100.95,101.51,99.97,100.3,952107,AAP,0.3250282377652862,71.28047142857143,64.84096333333333
2013-10-29,22.76,22.79,22.07,22.37,5769000,AAL,-0.7769690927218345,59.809042857142856,64.90329666666666
2013-10-29,76.6099,77.0356,73.5056,73.8111,158952115,AAPL,2.299557443004023,67.1892,64.98900333333333
2013-10-30,74.2299,75.3599,73.8599,74.9851,88540697,AAPL,0.01590546679293503,67.16752857142858,65.10225333333334
2013-10-30,22.38,22.99,21.82,22.58,13157000,AAL,-0.698873509537228,55.96467142857143,65.16758666666666
2013-10-30,100.27,100.86,99.03,100.0,729413,AAP,3.428697962798937,67.1061,65.29558666666667
2013-10-31,100.0,101.0,99.18,99.18,981461,AAP,-0.008199999999999985,70.46088571428571,67.90158666666667
2013-10-31,74.9999,75.3556,74.4671,74.6716,68923785,AAPL,-0.24711030449687443,66.79968571428572,67.98826
2013-10-31,22.6,22.86,21.97,21.97,6029300,AAL,-0.7057783682149572,66.74254285714285,65.47992666666667
2013-11-01,98.26,100.14,97.27,99.91,977296,AAP,3.5475648611743287,70.47095714285715,65.52026
2013-11-01,74.8599,74.9714,73.6914,74.2899,68722304,AAPL,-0.2564317886097487,70.37164285714286,65.57330666666667
2013-11-01,22.04,22.47,21.6,22.44,7190700,AAL,-0.6979400968368513,70.35164285714286,65.61664
2013-11-04,22.6,23.9,22.57,22.71,19962000,AAL,0.012032085561497263,59.31021428571428,63.89096666666667
2013-11-04,99.86,100.27,99.32,99.38,675948,AAP,3.3760457948040505,59.33878571428571,63.92196666666666
2013-11-04,74.4428,75.2599,74.1156,75.2499,61157033,AAPL,-0.24280639967800366,59.4214,65.72296333333333
2013-11-05,99.27,100.28,98.52,99.26,618547,AAP,0.31907152036082453,70.46282857142857,65.74096333333334
2013-11-05,74.9399,75.5549,74.7142,75.0641,66368071,AAPL,-0.24376284505339518,66.91341428571428,65.76754333333334
2013-11-05,22.75,22.88,22.33,22.68,7127300,AAL,-0.6978582304990002,59.540571428571425,65.79187666666667
2013-11-06,74.8785,74.9799,74.0285,74.4171,55844152,AAPL,2.281177248677249,66.96587142857143,67.55911333333333
2013-11-06,23.26,23.26,21.9,22.4,8827100,AAL,-0.6989939140331993,66.92158571428571,65.80597333333334
2013-11-06,100.0,100.02,98.14,98.51,687004,AAP,3.397767857142858,66.79729999999999,65.76397333333334
2013-11-07,74.2256,74.7414,73.1971,73.2131,65655100,AAPL,-0.2567952492132779,66.50632857142857,65.67150666666666
2013-11-07,22.53,22.79,21.95,22.08,6393200,AAL,-0.6984146279832435,55.48061428571429,63.09350666666667
2013-11-07,98.51,99.25,96.58,96.67,651121,AAP,3.378170289855073,58.56717142857143,65.56017333333334
2013-11-08,73.5114,74.4471,73.2271,74.3656,69829543,AAPL,-0.23072721630288606,65.95082857142857,64.61669333333333
2013-11-08,96.92,97.96,96.65,96.96,426137,AAP,0.30382865195735653,69.17124285714286,67.11036
2013-11-08,22.16,23.23,22.12,23.21,8462000,AAL,-0.7606229372937293,69.28695714285715,65.37946666666667
2013-11-11,23.25,23.45,23.06,23.27,3508100,AAL,0.0025850926324859635,58.53838571428571,62.788466666666665
2013-11-11,96.76,99.53,96.76,99.44,728285,AAP,3.273313278899871,62.28508571428572,65.36946666666667
2013-11-11,74.2842,74.5242,73.4871,74.1496,56863303,AAPL,-0.25432823813354777,69.7236,65.31790333333333
2013-11-12,73.9528,74.8456,73.8571,74.2871,51114651,AAPL,0.0018543592952624532,66.52604285714287,64.45080666666667
2013-11-12,23.26,25.49,22.5,23.52,40091800,AAL,-0.6833905213691206,59.26238571428571,64.48913999999999
2013-11-12,98.98,99.31,98.5,99.24,419034,AAP,3.2193877551020407,59.588100000000004,65.33677
2013-11-13,99.07,100.186,98.905,99.68,367296,AAP,0.00443369609028621,70.51238571428571,66.15993333333333
2013-11-13,24.22,24.3,23.13,23.31,20087200,AAL,-0.7661516853932584,70.51809999999999,66.18426666666667
2013-11-13,73.9999,74.6071,73.8514,74.3762,49304927,AAPL,2.190742170742171,66.93755714285714,65.33014
2013-11-14,23.79,23.8,23.38,23.66,12641900,AAL,-0.6818874855128387,59.724757142857136,62.81280666666667
2013-11-14,74.6871,75.6114,74.5528,75.4514,70605087,AAPL,2.188985629754861,59.89108571428572,62.8388
2013-11-14,99.58,99.95,98.14,98.88,288970,AAP,0.31051246232674257,70.6568,65.40246666666667
2013-11-15,75.2256,75.5842,74.9271,74.9986,79479764,AAPL,-0.2415190129449838,67.19374285714287,64.57208666666666
2013-11-15,23.73,24.05,23.32,23.89,13660700,AAL,-0.6814607206001179,56.3666,62.89209
2013-11-15,99.25,99.54,98.69,99.34,402598,AAP,3.158225198827962,67.22802857142857,65.45542333333333
2013-11-18,24.22,24.81,24.04,24.4,10080800,AAL,-0.7543789007449164,60.08857142857143,65.51175666666667
2013-11-18,99.68,99.99,97.9,98.31,407263,AAP,3.0290983606557385,70.75285714285714,65.47609
2013-11-18,74.9985,75.3128,74.0285,74.0898,61236224,AAPL,-0.24636557827281058,70.55834285714285,65.43742
2013-11-19,24.55,24.8,24.08,24.23,14087400,AAL,-0.6729644296515849,59.89405714285714,62.93642
2013-11-19,74.1471,74.7685,73.9956,74.2214,52234707,AAPL,2.0632026413536937,59.78302857142858,62.90833
2013-11-19,98.33,98.33,96.99,97.06,476397,AAP,0.3077090973762284,70.23588571428571,65.38766333333334
2013-11-20,24.29,24.42,23.91,24.06,11182500,AAL,-0.7521120956109624,59.4816,63.709093333333335
2013-11-20,97.81,98.38,96.758,97.67,308792,AAP,3.059434746467166,69.94874285714285,66.21809333333333
2013-11-20,74.1756,74.3456,73.4756,73.5714,48545798,AAPL,-0.24673492372273986,66.41465714285714,65.38680666666667
2013-11-21,73.9428,74.4585,73.3814,74.4479,65506861,AAPL,0.011913596859649322,66.46581428571429,65.42796666666666
2013-11-21,24.07,24.24,23.78,23.99,9920500,AAL,-0.6777612263072565,66.43152857142857,65.49163333333334
2013-11-21,100.0,100.88,99.16,100.04,949898,AAP,3.170070862859525,70.1199,65.60396666666666
2013-11-22,24.2,24.56,23.9,24.27,12430500,AAL,-0.7573970411835266,59.72132857142857,63.934113333333336
2013-11-22,74.2171,74.5942,74.0756,74.2571,55931232,AAPL,2.059625051503914,66.89234285714285,63.177350000000004
2013-11-22,100.0,100.22,99.205,100.1,915515,AAP,0.34801924664442874,67.23948571428572,65.74035
2013-11-25,100.05,100.42,99.15,100.12,750059,AAP,0.00019980019980025965,71.03214285714286,68.30201666666667
2013-11-25,74.4314,75.1242,74.4285,74.8199,57348403,AAPL,-0.2526977626847783,71.08528571428572,67.48134666666667
2013-11-25,24.45,24.53,24.0,24.24,9436600,AAL,-0.6760220208794719,71.12100000000001,65.81769333333334
2013-11-26,100.0,102.84,99.95,101.51,2340800,AAP,3.1877062706270634,71.331,66.72512333333333
2013-11-26,74.8742,76.5914,74.8571,76.1999,100345728,AAPL,-0.24933602600729,78.74955714285714,68.48111999999999
2013-11-26,24.17,24.24,23.7,23.81,10785200,AAL,-0.6875323983364807,71.54282857142856,65.96678666666666
2013-11-27,102.26,102.67,101.41,102.03,400580,AAP,3.28517429651407,71.81854285714286,66.04512
2013-11-27,76.6156,77.9999,76.1999,77.9942,90861841,AAPL,-0.2355758110359698,68.65771428571429,67.86792666666666
2013-11-27,23.92,24.18,23.63,23.98,14261600,AAL,-0.6925412402460696,61.39487142857143,66.18805333333334
2013-11-29,78.4971,79.7613,78.2585,79.4385,79532215,AAPL,2.312698081734779,69.28037142857143,68.04733666666667
2013-11-29,101.88,102.11,101.01,101.01,247637,AAP,0.27154968938235235,69.20894285714286,68.89929000000001
2013-11-29,24.12,24.18,23.45,23.48,4922900,AAL,-0.7675477675477675,61.677528571428574,66.38595666666667
2013-12-02,79.7142,80.6185,78.6885,78.7471,118135885,AAPL,2.3537947189097106,69.52568571428573,66.51090666666667
2013-12-02,23.55,23.62,23.01,23.04,9149800,AAL,-0.7074177969728409,58.241400000000006,66.48257333333333
2013-12-02,101.35,103.4,100.94,103.05,650385,AAP,3.47265625,61.8208,66.60624
2013-12-03,22.99,22.99,22.01,22.39,17623800,AAL,-0.7827268316351286,61.59365714285715,66.53924
2013-12-03,102.27,107.24,102.27,107.12,1766605,AAP,3.7842786958463597,65.54815714285715,66.83290666666667
2013-12-03,79.7571,80.9113,79.6685,80.9031,112741734,AAPL,-0.24474327856609412,62.67574285714286,67.06001666666667
2013-12-04,80.7856,81.3128,80.1171,80.7142,94452666,AAPL,-0.002334891988069576,70.85205714285715,68.94282333333334
2013-12-04,106.25,107.719,104.2525,105.71,1425387,AAP,0.30968280674280346,74.7039,69.99244333333333
2013-12-04,22.38,22.43,21.69,21.87,16670300,AAL,-0.7931132343203102,74.53675714285714,67.48611
2013-12-05,22.27,22.62,21.45,22.35,30725800,AAL,0.021947873799725626,63.00818571428572,67.42911
2013-12-05,81.8071,82.1622,80.9156,81.1286,111895315,AAPL,2.629914988814318,71.39941428571429,66.87773
2013-12-05,104.65,105.62,104.0,104.95,852839,AAP,0.29362518273457194,71.08941428571428,67.92368333333333
2013-12-06,106.65,106.9,103.75,104.55,1178242,AAP,-0.0038113387327298742,74.46754285714285,68.92708666666667
2013-12-06,80.8271,80.9642,79.9385,80.0028,86088352,AAPL,-0.23478909612625543,74.36591428571428,70.79418000000001
2013-12-06,22.72,22.88,22.13,22.55,28364700,AAL,-0.7181348652797152,62.48591428571429,68.21118
2013-12-09,23.95,25.44,23.4501,24.6,43197268,AAL,0.09090909090909083,62.87591428571428,68.22218000000001
2013-12-09,104.75,105.6,103.94,104.33,760599,AAP,3.241056910569105,74.58734285714286,69.22461
2013-12-09,80.1285,81.3685,80.1285,80.9185,80123533,AAPL,-0.22439854308444362,74.55732857142857,68.58522666666667
2013-12-10,24.54,25.17,24.41,24.88,18660625,AAL,-0.6925301383490796,63.11875714285714,66.07722666666668
2013-12-10,105.47,111.53,105.23,109.45,1707505,AAP,3.39911575562701,63.81875714285714,67.23156333333334
2013-12-10,80.5113,81.1256,80.1713,80.7928,69567610,AAPL,-0.26182914572864324,63.93161428571428,69.11665666666666
2013-12-11,109.55,109.95,106.89,107.05,1046772,AAP,0.3249943064233447,76.00304285714286,69.30132333333334
2013-12-11,80.9999,81.5671,79.9556,80.1942,89929693,AAPL,-0.25087155534796823,83.94507142857142,69.43446666666667
2013-12-11,25.44,27.2,25.37,25.99,38843371,AAL,-0.6759117242892878,72.75364285714285,69.50713333333333
2013-12-12,106.78,108.08,106.56,107.93,941828,AAP,3.1527510580992697,76.61242857142857,69.7038
2013-12-12,26.2,26.71,25.45,25.45,19981824,AAL,-0.7641990178819605,76.69385714285714,67.95232666666666
2013-12-12,80.3058,80.7628,80.0042,80.0771,65572318,AAPL,2.1464479371316307,72.49772857142857,69.82223
2013-12-13,80.4071,80.4113,79.0956,79.2042,83205283,AAPL,-0.010900744407577267,72.27078571428571,69.81442
2013-12-13,110.55,110.55,108.19,109.85,1433137,AAP,0.38692140063279457,72.67078571428571,70.10908666666666
2013-12-13,25.61,26.3,25.5201,26.23,12192421,AAL,-0.7612198452435138,64.96161428571428,70.20075333333332
2013-12-16,79.2885,80.3769,79.2871,79.6428,70648452,AAPL,2.036324818909645,72.6263,70.23061
2013-12-16,26.63,26.7658,26.35,26.61,13190945,AAL,-0.6658831683466678,61.00915714285714,70.34961
2013-12-16,110.01,110.4,108.88,109.27,774387,AAP,3.106350995866215,72.98344285714286,70.55694333333334
2013-12-17,79.4013,79.9199,79.0535,79.2842,57475649,AAPL,-0.2744193282694244,72.87017142857142,72.45341666666667
2013-12-17,109.63,109.88,108.03,108.46,847233,AAP,0.3679900913422851,77.04957142857143,72.49808333333333
2013-12-17,26.47,26.59,25.9501,26.1,11413199,AAL,-0.7593582887700534,65.08528571428572,70.67131333333332
2013-12-18,108.85,109.56,106.88,109.27,1104462,AAP,3.1865900383141756,76.94814285714286,71.62317333333334
2013-12-18,25.99,26.23,25.55,26.23,9994162,AAL,-0.7599524114578566,69.31774285714286,68.97383999999998
2013-12-18,78.5285,78.7785,76.9714,78.6813,141465807,AAPL,1.9996683187190238,76.75649999999999,70.86755
2013-12-19,26.09,26.49,25.821,26.12,6916497,AAL,-0.6680278541406917,64.87792857142857,70.99321666666667
2013-12-19,78.4999,78.5713,77.6757,77.7799,80239369,AAPL,1.977790964777948,64.66302857142857,70.88159333333333
2013-12-19,109.2,109.4788,107.75,108.4,623450,AAP,0.39367625826209607,64.65445714285714,70.99659333333334
2013-12-20,26.16,26.49,26.14,26.33,8530924,AAL,-0.7571033210332103,64.68731428571428,68.38926
2013-12-20,77.9185,78.8013,77.831,78.4314,109103435,AAPL,1.978784656285606,60.2818,68.33688000000001
2013-12-20,108.51,109.96,108.51,109.36,1013949,AAP,0.3943395119811708,72.15751428571429,71.23054666666667
2013-12-23,81.1428,81.5313,80.3942,81.4413,125326831,AAPL,-0.25529169714703737,72.5518,73.12525666666667
2013-12-23,109.78,110.34,109.19,109.84,620027,AAP,0.3487014573686815,84.5118,73.30892333333333
2013-12-23,26.29,26.49,26.05,26.18,5403084,AAL,-0.7616533139111434,77.14038571428571,71.48430666666667
2013-12-24,26.0,26.26,26.0,26.25,2652974,AAL,0.002673796791443861,65.40467142857143,71.52997333333334
2013-12-24,109.77,110.94,109.58,110.28,130712,AAP,3.201142857142857,77.39752857142857,71.55763999999999
2013-12-24,81.4128,81.6971,80.8613,81.0956,41888735,AAPL,-0.26463910047152694,77.77812857142858,71.56773333333334
2013-12-26,110.17,110.97,109.56,110.17,563408,AAP,0.3585200676732152,77.89384285714286,71.67173333333334
2013-12-26,26.12,26.36,25.975,26.13,4226639,AAL,-0.7628210946718708,69.99222857142858,69.86959333333334
2013-12-26,81.1571,81.3571,80.4822,80.5571,51002035,AAPL,2.0829353233830847,65.80895714285715,71.68849666666667
2013-12-27,25.95,26.1,24.91,24.94,13227018,AAL,-0.6904059356655093,65.63181428571428,68.92216333333334
2013-12-27,110.3,111.94,109.63,109.92,364175,AAP,3.4073777064955895,77.58467142857144,71.73783
2013-12-27,80.5456,80.6299,79.9285,80.0128,56471317,AAPL,-0.27208151382823875,73.26078571428572,71.73568666666667
2013-12-30,24.87,25.25,24.65,24.78,8841369,AAL,-0.6902995520716685,65.2157,69.92154666666667
2013-12-30,110.34,110.58,108.76,109.63,479664,AAP,3.4241323648103306,65.13855714285715,69.91421333333332
2013-12-30,79.6371,80.0128,78.9029,79.2171,63407722,AAPL,-0.2774140290066587,72.72242857142857,71.68045000000001
2013-12-31,24.74,25.25,24.63,25.25,7168395,AAL,-0.6812556884814012,64.82141428571428,69.86735666666667
2013-12-31,109.8,111.41,109.49,110.68,381268,AAP,3.3833663366336637,77.06998571428572,72.66969
2013-12-31,79.1671,80.1828,79.1428,80.1456,55819372,AAPL,-0.2758800144560897,72.8165,71.69887666666666
2014-01-02,25.07,25.82,25.06,25.36,8998943,AAL,-0.6835758918767842,65.00895714285714,69.90140333333333
2014-01-02,110.36,111.88,109.29,109.74,542711,AAP,3.3272870662460567,77.1461,69.94407
2014-01-02,79.3828,79.5756,78.8601,79.0185,58791957,AAPL,-0.2799480590486604,72.77302857142857,71.70802
2014-01-03,111.23,114.33,110.58,112.88,987718,AAP,0.428526231199023,77.5820142857143,71.82835333333334
2014-01-03,78.9799,79.0999,77.2042,77.2828,98303870,AAPL,-0.3153543586109143,85.01527142857142,73.53011333333333
2014-01-03,25.75,26.75,25.51,26.54,13836062,AAL,-0.6565859415031546,72.99527142857143,71.79207
2014-01-06,26.62,27.2,26.6,27.03,11272273,AAL,0.018462697814619622,65.40732857142856,71.82240333333333
2014-01-06,113.1,113.91,111.44,111.8,1030190,AAP,3.1361450240473543,77.7559,72.95640666666667
2014-01-06,76.7785,78.1142,76.2285,77.7042,103359151,AAPL,-0.30497137745974956,73.17935714285714,71.93321333333333
2014-01-07,27.2,27.3997,26.67,26.905,11288775,AAL,-0.6537510198933906,65.73457142857141,71.95237999999999
2014-01-07,77.7599,77.9942,76.8464,77.1481,79432766,AAPL,1.8674261289723098,60.630014285714275,71.90960333333332
2014-01-07,111.98,113.4,111.63,113.18,922829,AAP,0.46704844318913885,65.75818571428572,72.03693666666666
2014-01-08,112.47,113.615,111.91,112.3,777177,AAP,-0.007775225304824218,78.00961428571428,73.06556
2014-01-08,76.9728,77.9371,76.9556,77.6371,64686685,AAPL,-0.30866340160284944,85.2392,71.99213
2014-01-09,113.06,114.22,112.71,113.55,486811,AAP,0.46257394982553435,85.4892,74.90446333333334
2014-01-09,78.1142,78.1228,76.4785,76.6455,69905199,AAPL,-0.32500660501981504,85.33795714285714,76.58431333333333
2014-01-10,114.28,115.797,113.64,115.64,678570,AAP,0.5087643762517042,98.01438571428571,76.76298
2014-01-10,77.1185,77.2571,75.8728,76.1342,76320664,AAPL,-0.34162746454514004,97.86954285714286,76.5976
2014-01-13,115.45,115.99,113.77,114.29,941749,AAP,0.5011650480336038,98.02811428571428,76.73493333333334
2014-01-13,75.7014,77.4999,75.6971,76.5328,94860843,AAPL,-0.3303631113833232,92.9185142857143,78.41502666666666
2014-01-14,115.4,117.99,113.82,117.6,819539,AAP,0.5365960738402358,98.62749999999998,79.64979
2014-01-14,76.8885,78.1042,76.8085,78.0556,83734371,AAPL,-0.33626190476190476,93.55687142857143,81.42031
2014-01-15,117.65,119.54,116.71,117.47,978639,AAP,0.5049528797421325,99.38894285714287,81.67197666666667
2014-01-15,79.0742,80.0285,78.8085,79.6228,98472619,AAPL,-0.32218609006554866,94.24362857142856,81.65897666666666
2014-01-16,117.22,118.25,116.15,117.88,609912,AAP,0.4804804653943342,100.20731428571428,84.76231
2014-01-16,79.2713,79.5499,78.8113,79.1785,57471330,AAPL,-0.32831269087207327,95.19138571428572,83.74726000000001
2014-01-17,117.81,119.02,117.085,118.44,692356,AAP,0.495860618728569,101.17812857142857,85.05469
2014-01-17,78.7828,78.8671,77.1285,77.2385,108426689,AAPL,-0.3478681188787571,95.4122,86.78764
2014-01-21,119.73,120.31,117.96,118.0,821492,AAP,0.527735520498197,101.11854285714286,87.03164
2014-01-21,77.2842,78.5813,77.2028,78.4385,82255544,AAPL,-0.3352669491525423,95.54261428571428,86.97473666666669
2014-01-22,78.702,79.6128,78.2585,78.7871,95219334,AAPL,0.004444246129132967,95.42322857142857,88.75564
2014-01-22,118.39,118.7099,116.746,117.75,502024,AAP,0.49453400366303635,95.40465714285713,89.02263999999998
2014-01-23,78.5628,79.4999,77.8294,79.4542,100978346,AAPL,-0.3252297239915074,95.44404285714286,89.03716333333334
2014-01-23,116.81,117.53,115.29,116.33,659085,AAP,0.46411391720009765,95.14261428571429,89.15216333333333
2014-01-24,116.0,117.01,115.47,115.98,782086,AAP,-0.003008682197197632,100.6771142857143,90.44207
2014-01-24,79.1428,79.3742,77.8214,78.0099,108384437,AAPL,-0.32738489394723225,94.96424285714286,92.15773333333333
2014-01-27,78.5813,79.2571,77.9642,78.6428,144219152,AAPL,0.008113072827935941,94.99342857142858,93.87816
2014-01-27,116.485,117.2,113.8,115.4,974299,AAP,0.46739434506401123,100.22384285714286,93.99816000000001
2014-01-28,72.6799,73.5714,71.7242,72.3571,266833581,AAPL,-0.37298873483535533,93.73914285714287,93.81992333333334
2014-01-28,115.39,117.66,115.22,116.25,918455,AAP,0.6066149693672078,98.99568571428573,96.79809
2014-01-29,115.41,116.61,113.79,113.9,643865,AAP,-0.020215053763440793,98.64854285714286,98.02315333333333
2014-01-29,71.9928,72.4814,71.2314,71.5356,125942796,AAPL,-0.37194381035996493,92.29934285714285,96.63500666666667
2014-01-30,71.7914,72.3571,70.9571,71.3974,169762789,AAPL,-0.0019319052331985276,91.3547,95.27158666666666
2014-01-30,115.0,115.89,114.45,115.2,585785,AAP,0.6135041332037301,96.57715714285715,96.52368333333334
2014-01-31,70.7399,71.6471,70.5071,71.5142,116336444,AAPL,-0.37921701388888884,90.30775714285714,95.12249
2014-01-31,115.23,116.03,113.7,114.81,807498,AAP,0.6054154279849315,96.37245714285713,96.39464000000001
2014-02-03,71.8014,72.5328,71.3285,71.6471,100620772,AAPL,-0.37595070115843576,90.00061428571428,94.92820999999999
2014-02-03,115.44,115.648,109.58,110.22,1327827,AAP,0.5383735001137522,89.4749,96.06440333333333
2014-02-04,72.2642,72.7799,71.8228,72.6842,94273543,AAPL,-0.3405534385773906,89.63898571428572,94.67754333333333
2014-02-04,110.97,112.11,110.1,110.25,1086059,AAP,0.516835846029811,95.18935714285715,95.80145
2014-02-05,72.3656,73.6114,72.3216,73.2271,82322156,AAPL,-0.33580861678004537,89.19322857142856,94.32235333333333
2014-02-05,109.86,112.22,109.65,110.75,1719300,AAP,0.5124182167530875,94.79834285714286,95.41216666666666
2014-02-06,72.8656,73.3571,72.5442,73.2156,64497223,AAPL,-0.3389110609480813,88.8562857142857,93.93702
2014-02-06,121.5,127.09,120.0,124.86,3374211,AAP,0.7053742645010082,96.45812857142857,95.44492666666666
2014-02-07,74.4828,74.7042,73.9114,74.2399,93638601,AAPL,-0.40541486464840615,91.31811428571429,93.99025666666667
2014-02-07,125.63,128.1,124.56,125.0,1697974,AAP,0.6837307162321069,98.7918,95.51764
2014-02-10,124.52,125.43,123.0,123.32,1118532,AAP,-0.013440000000000007,100.65894285714285,95.68030666666667
2014-02-10,74.0942,75.9985,73.9999,75.5699,86451022,AAPL,-0.3872048329549139,100.99362857142857,95.62468666666668
2014-02-11,123.47,125.87,123.14,125.44,927637,AAP,0.659920153394407,103.0922,95.87268666666667
2014-02-11,75.8014,76.8214,75.6428,76.5656,70672252,AAPL,-0.3896237244897959,103.57077142857143,95.81025666666667
2014-02-12,76.7071,77.0799,76.1771,76.5599,77127064,AAPL,-7.444596528993763e-05,96.67075714285714,95.73601666666667
2014-02-12,125.55,126.68,124.29,124.96,663320,AAP,0.6321860399504178,103.91648571428571,95.97635
2014-02-13,76.3799,77.8356,76.3142,77.7756,76960156,AAPL,-0.3775960307298335,97.17014285714285,95.92039666666666
2014-02-13,125.2,127.0,123.84,126.26,802294,AAP,0.6233883120155936,97.59014285714287,96.25139666666668
2014-02-14,77.4956,77.9971,77.3156,77.7128,68468036,AAPL,-0.38450182163789004,97.89627142857141,94.97582333333334
2014-02-14,126.71,127.5,125.61,127.34,788744,AAP,0.6385975025993145,98.1677,96.62016
2014-02-18,127.18,128.32,126.09,126.79,1020332,AAP,-0.004319145594471441,105.34261428571429,98.22506666666666
2014-02-18,77.9999,78.7413,77.9442,77.9985,65306248,AAPL,-0.3848213581512737,105.54812857142858,96.97835
2014-02-19,126.54,127.482,125.725,125.94,1096160,AAP,0.6146464355083749,105.68812857142858,98.76444666666666
2014-02-19,77.8214,78.1271,76.3356,76.7671,78554420,AAPL,-0.39044703827219307,105.54405714285716,97.44834999999999
2014-02-20,76.1414,76.7142,75.5714,75.8785,76529103,AAPL,-0.011575271177366342,98.34670000000001,96.18096666666666
2014-02-20,125.98,128.06,125.77,127.56,882740,AAP,0.6811086144296474,105.46772857142858,98.04844666666666
2014-02-21,127.31,128.48,127.31,127.92,884094,AAP,0.002822201317027373,105.55058571428572,99.93253333333334
2014-02-21,76.1132,76.3671,74.9428,75.0356,69757247,AAPL,-0.41341776110068795,98.15710000000001,98.59372
2014-02-24,74.7356,75.7028,74.6314,75.3642,72364950,AAPL,0.004379254647127517,97.78077142857144,98.72205333333333
2014-02-24,128.31,129.1,126.33,126.5,1050651,AAP,0.6785157939711428,97.86077142857143,99.11172
2014-02-25,75.6256,75.6521,74.4285,74.5799,58247350,AAPL,-0.41043557312252965,97.54831428571427,99.20948
2014-02-25,126.64,127.83,125.38,125.5,823047,AAP,0.6827590275664088,104.6371,99.71881333333333
2014-02-26,74.8014,74.9999,73.6571,73.9071,69131286,AAPL,-0.41109880478087646,96.9724,99.75957666666666
2014-02-26,126.09,126.82,124.5,125.79,1105495,AAP,0.7020015668318742,96.66811428571428,100.27757666666666
2014-02-27,73.8771,75.5399,73.7214,75.3814,75557321,AAPL,-0.40073614754749987,96.71751428571429,100.34938666666667
2014-02-27,125.82,126.09,124.43,125.03,888073,AAP,0.6586319702207706,103.81262857142858,100.82538666666667
2014-02-28,125.05,128.44,125.05,127.36,1037731,AAP,0.018635527473406466,103.93548571428572,102.63020000000002
2014-02-28,75.5828,76.1071,74.5885,75.1771,93074653,AAPL,-0.40972754396984923,104.02080000000001,100.97410333333333
2014-03-03,74.7742,75.8071,74.6871,75.3942,59667923,AAPL,0.0028878474961124834,96.86282857142858,101.01258
2014-03-03,125.92,127.18,125.13,126.28,777204,AAP,0.6749299017696322,104.34467142857143,101.05524666666666
2014-03-04,75.8571,76.0914,75.3956,75.8914,64884834,AAPL,-0.39902280646183086,97.2163,99.47429333333334
2014-03-04,128.33,129.99,126.16,126.42,1126458,AAP,0.6658013951514927,104.50752857142857,101.16929666666667
2014-03-05,75.8456,76.3928,75.5899,76.0514,50065519,AAPL,-0.398422717924379,97.51058571428572,99.52300999999999
2014-03-05,126.42,126.71,125.081,125.59,692736,AAP,0.6513831435055766,97.25772857142856,101.15715666666667
2014-03-06,76.1128,76.3485,75.4428,75.8214,46423111,AAPL,-0.39627836611195166,97.34977142857143,101.13254
2014-03-06,126.23,127.32,125.86,126.74,715091,AAP,0.6715597443465828,104.68488571428573,101.19187333333335
2014-03-07,127.03,128.13,126.46,126.8,530257,AAP,0.00047341013097690343,104.75917142857143,102.82602
2014-03-07,75.8699,75.9971,75.1499,75.7771,55415241,AAPL,-0.40238880126182963,104.74284285714285,101.14325666666667
2014-03-10,126.82,127.87,125.96,126.78,612844,AAP,0.6730648177351732,104.79427142857142,102.77883
2014-03-10,75.4799,76.1899,75.4769,75.8456,44691430,AAPL,-0.4017542199085029,104.76487142857141,101.06235
2014-03-11,127.25,128.49,126.48,126.94,1022210,AAP,0.673663337095362,104.95772857142858,101.06735
2014-03-11,76.4928,76.9628,76.0842,76.5842,70198849,AAPL,-0.3966897746967071,105.0667,101.02020666666667
2014-03-12,76.3585,76.7642,75.9999,76.6585,50195460,AAPL,0.0009701740045597873,97.9122,99.37749000000001
2014-03-12,125.86,127.01,125.26,126.49,985970,AAP,0.6500453309156844,97.86791428571429,101.03492
2014-03-13,126.91,126.91,123.81,124.56,754192,AAP,-0.015258123171792204,104.8369,102.65763666666666
2014-03-13,76.7771,77.0942,75.5942,75.8071,64435609,AAPL,-0.39140093127809883,97.55505714285714,100.93254
2014-03-14,124.45,125.48,123.87,124.6,521611,AAP,0.6436455160532455,104.51997142857144,100.82187333333333
2014-03-14,75.5414,75.8414,74.7142,74.9556,59299492,AAPL,-0.398430176565008,97.09362857142857,100.81920666666666
2014-03-17,75.3856,75.7099,75.1214,75.2485,49886074,AAPL,0.003907646660156194,96.90281428571429,100.81535000000001
2014-03-17,125.61,126.5,124.86,126.3,607672,AAP,0.678438772865904,103.99445714285714,100.80868333333333
2014-03-18,126.19,126.19,124.65,125.95,802247,AAP,-0.0027711797307996555,103.91731428571428,102.52102000000001
2014-03-18,75.1285,75.9956,75.0285,75.9142,52411863,AAPL,-0.39726716951171104,96.96791428571429,100.86816
2014-03-19,76.0371,76.6056,75.5714,75.8942,56188958,AAPL,-0.00026345532192917354,96.98035714285716,100.93439666666667
2014-03-19,125.84,126.5,123.4835,124.52,575494,AAP,0.6407050868182285,96.96892857142858,100.89206333333333
2014-03-20,75.6985,76.0956,75.3356,75.5285,52099537,AAPL,-0.393442820430453,97.05077142857144,100.89696666666667
2014-03-20,124.37,125.07,123.365,124.75,588664,AAP,0.6516943935070869,104.12241428571429,100.88763333333333
2014-03-21,75.9899,76.2499,75.1899,76.1242,93612169,AAPL,-0.38978597194388775,96.95444285714287,99.17977333333333
2014-03-21,125.58,127.9199,124.31,126.33,1985663,AAP,0.6595248291607663,97.00872857142856,100.88487
2014-03-24,76.9171,77.2142,76.4371,77.0271,88924871,AAPL,-0.39027071954405124,97.16771428571428,100.9393
2014-03-24,126.44,127.15,124.0919,124.7,525622,AAP,0.618910746996836,104.13997142857143,100.88663333333334
2014-03-25,77.3571,77.9642,77.0842,77.8556,70573356,AAPL,-0.3756567762630313,97.47362857142856,100.95210666666667
2014-03-25,125.23,125.71,123.13,123.56,846436,AAP,0.5870406239242907,104.33527142857143,100.85677333333334
2014-03-26,124.36,124.51,122.68,122.75,593110,AAP,-0.00655551958562639,104.04955714285714,102.41339333333333
2014-03-26,78.0742,78.4285,76.9799,77.1114,74942224,AAPL,-0.3718012219959267,104.19058571428572,100.79744000000001
2014-03-27,122.31,125.3,122.07,123.89,735128,AAP,0.6066366321970551,103.8420142857143,102.39972666666668
2014-03-27,77.1449,77.3571,76.4457,76.7799,55507676,AAPL,-0.38025748647994195,103.8067,100.73439
2014-03-28,76.9028,76.9913,76.3214,76.6942,50141063,AAPL,-0.0011161775412575903,96.94872857142857,99.06419666666667
2014-03-28,124.61,124.9,123.51,124.65,656426,AAP,0.6252858755942432,103.63364285714286,100.69329333333333
2014-03-31,77.0328,77.2585,76.5614,76.6771,42167188,AAPL,-0.3848608102687525,96.93608571428571,99.02319666666668
2014-03-31,125.26,126.6,124.76,126.5,534075,AAP,0.6497754870750199,97.4718,100.71167666666666
2014-04-01,76.8228,77.4099,76.6814,77.3785,50189685,AAPL,-0.38831225296442684,97.50995714285715,99.05962666666667
2014-04-01,126.96,128.49,126.6,127.25,775404,AAP,0.6445136568943568,97.98995714285714,100.74848666666666
2014-04-02,77.4828,77.6399,77.1799,77.5071,44792195,AAPL,-0.3909068762278979,98.09384285714285,100.77677333333332
2014-04-02,127.45,127.48,126.21,126.86,722275,AAP,0.636753278086782,105.26038571428572,100.78910666666667
2014-04-03,77.3414,77.4999,76.8056,76.9699,40648111,AAPL,-0.3932689579063535,98.44894285714284,99.20277
2014-04-03,127.06,127.3299,125.56,126.4,401780,AAP,0.6422003926210118,105.55221428571429,100.8892
2014-04-04,77.1156,77.1428,75.7971,75.9742,68812485,AAPL,-0.3989382911392405,98.33424285714285,99.26834000000001
2014-04-04,125.14,125.77,121.57,121.64,904481,AAP,0.6010698368656728,104.65731428571428,100.82448666666666
2014-04-07,75.4314,75.8428,74.5556,74.7814,72462530,AAPL,-0.3852236106543899,97.1618,100.80891666666666
2014-04-07,121.44,121.66,117.52,118.11,1238919,AAP,0.5794034345438839,102.96221428571428,100.53591666666667
2014-04-08,118.07,119.46,117.3911,119.16,700188,AAP,0.008890017780035508,101.86221428571427,100.30958333333334
2014-04-08,75.0271,75.1599,74.0999,74.7771,60971883,AAPL,-0.3724647532729103,101.54895714285713,100.27168
2014-04-09,120.15,121.7,119.36,121.58,580011,AAP,0.625898838013242,100.86038571428571,101.79454
2014-04-09,74.6628,75.7842,74.5742,75.7599,51542722,AAPL,-0.3768720184240829,100.82977142857143,100.16920333333333
2014-04-10,122.63,124.618,118.61,118.61,702928,AAP,0.5656039672702842,100.39691428571429,101.60525333333334
2014-04-10,75.8114,76.0342,74.7385,74.7828,59912818,AAPL,-0.3695067869488239,100.3971142857143,99.93968
2014-04-11,117.29,118.6881,116.15,116.25,823108,AAP,0.5545018373208814,100.1314,101.27720666666666
2014-04-11,74.1428,74.6899,73.8771,74.2299,67975012,AAPL,-0.3614632258064516,93.7128142857143,99.54053666666667
2014-04-14,117.25,118.55,115.76,117.2,658965,AAP,0.5788785920498345,99.77322857142858,100.87963333333333
2014-04-14,74.5571,74.5942,73.8871,74.5256,51445177,AAPL,-0.36411604095563144,93.05117142857144,99.20715333333332
2014-04-15,74.3242,74.5199,73.0471,73.9942,66622577,AAPL,-0.007130435716049099,92.79892857142856,99.07844
2014-04-15,117.41,118.49,115.86,117.54,539416,AAP,0.5885028826583705,92.64607142857142,98.87777333333334
2014-04-16,74.0071,74.4414,73.4478,74.1442,53732994,AAPL,-0.36920027224774554,92.55484285714286,97.25758
2014-04-16,118.45,119.58,117.76,119.51,542215,AAP,0.6118590530344923,93.02055714285714,98.67086666666665
2014-04-17,74.2856,75.3942,74.1714,74.9914,71106721,AAPL,-0.3725094134382061,93.12934285714286,97.04091333333332
2014-04-17,119.48,122.34,119.07,120.84,803370,AAP,0.6113847721205365,93.64934285714287,98.50958333333332
2014-04-21,120.63,121.524,119.95,121.4,476074,AAP,0.004634227077126907,100.34568571428572,99.99977666666668
2014-04-21,75.0485,76.0199,74.8514,75.8814,45668931,AAPL,-0.37494728171334435,100.61528571428572,98.37415666666666
2014-04-22,75.4728,75.9751,75.2144,75.9569,50664453,AAPL,0.0009949737353291965,94.67484285714286,98.35015
2014-04-22,121.53,125.37,121.53,121.61,1221937,AAP,0.6010395368952655,101.45567142857143,98.18715
2014-04-23,75.5799,75.8756,74.9214,74.9642,98735259,AAPL,-0.3835687854617219,95.09198571428571,98.10667333333332
2014-04-23,121.4,123.09,120.56,122.15,591976,AAP,0.6294444548197673,101.82892857142858,97.93667333333335
2014-04-24,81.1728,81.4285,80.1042,81.1099,189978082,AAPL,-0.33598117069177247,96.1532,98.05676666666666
2014-04-24,121.85,123.04,120.54,122.34,398814,AAP,0.5083238914115293,96.28748571428571,97.9061
2014-04-25,80.6471,81.7128,80.5656,81.7056,97568814,AAPL,-0.33214320745463466,97.11951428571429,98.06395666666666
2014-04-25,121.81,122.29,120.01,120.63,635795,AAP,0.47639819057690036,103.5013857142857,97.87162333333335
2014-04-28,121.6,123.23,119.6004,121.44,714026,AAP,0.006714747575230051,103.4771,99.38715
2014-04-28,81.8285,85.1071,81.7928,84.8699,167371680,AAPL,-0.30113718708827397,104.8922,98.16148000000001
2014-04-29,121.37,121.37,118.86,119.83,762919,AAP,0.41192578287472936,104.56077142857143,99.6631
2014-04-29,84.8199,85.1399,84.2156,84.6185,84344673,AAPL,-0.2938454477175999,105.062,98.54671666666668
2014-04-30,120.03,121.47,119.405,121.29,671046,AAP,0.43337449848437415,104.912,98.61771666666667
2014-04-30,84.6628,85.6328,84.2571,84.2985,114220883,AAPL,-0.304983922829582,105.28241428571428,98.93509666666667
2014-05-01,84.5713,84.9713,83.7656,84.4971,61052418,AAPL,0.0023559138062954066,100.12057142857144,97.69900000000001
2014-05-01,124.07,124.16,120.76,120.98,377776,AAP,0.4317651138323091,100.05485714285714,99.20633666666667
2014-05-02,121.26,123.03,121.15,121.69,449305,AAP,0.0058687386344848935,105.31487142857142,99.30900333333334
2014-05-02,84.6199,84.8856,84.2442,84.6542,47878572,AAPL,-0.3043454679924398,100.28975714285716,99.63805
2014-05-05,84.3056,85.8571,84.2856,85.8513,71766758,AAPL,0.014141058565316111,100.46587142857142,98.62476
2014-05-05,120.63,121.7,119.65,121.03,625618,AAP,0.40976316025499915,100.42872857142858,100.18476333333334
2014-05-06,120.7,121.592,119.84,120.49,628395,AAP,-0.004461703709824016,105.59894285714287,100.29442999999999
2014-05-06,85.9713,86.3442,84.9156,84.9156,93641373,AAPL,-0.29524773840152707,105.65872857142857,100.64076333333334
2014-05-07,85.0356,85.3271,83.9613,84.6185,70715988,AAPL,-0.003498768188648471,100.46422857142856,100.99490666666667
2014-05-07,120.64,121.25,118.51,119.45,555860,AAP,0.41162984453754214,100.14422857142858,101.05857333333333
2014-05-08,120.02,123.1,119.65,122.46,1001395,AAP,0.02519882796149009,105.54505714285713,102.6691
2014-05-08,84.0356,84.9156,83.7713,83.9985,57574363,AAPL,-0.31407398334149916,105.28037142857143,101.48538333333335
2014-05-09,83.5056,83.7499,82.9042,83.6488,72899498,AAPL,-0.004163169580409298,99.94019999999999,101.77396333333334
2014-05-09,122.43,124.87,122.16,124.56,841955,AAP,0.4890829276690163,100.52162857142856,101.89796333333334
2014-05-12,83.9271,84.8085,83.9142,84.6899,53324677,AAPL,-0.3200875080282596,100.48938571428572,100.67429333333332
2014-05-12,124.79,125.66,124.26,125.25,755224,AAP,0.478924877700883,106.29388571428571,102.31991333333333
2014-05-13,84.5713,84.9342,84.3856,84.8228,39934594,AAPL,-0.32277205588822355,101.34714285714286,102.61544333333333
2014-05-13,125.69,125.69,123.068,123.41,816825,AAP,0.4549154236832549,101.48285714285714,102.67544333333333
2014-05-14,123.64,124.02,122.16,123.14,1560121,AAP,-0.0021878291872619027,107.07449999999999,104.28130333333334
2014-05-14,84.6328,85.3428,84.5342,84.8385,41600846,AAPL,-0.31104027935682965,107.24445714285716,103.03758666666666
2014-05-15,127.78,128.45,120.13,124.23,2247224,AAP,0.4643116038119488,107.19731428571428,104.47492333333334
2014-05-15,84.9571,85.2285,84.0056,84.1171,57711731,AAPL,-0.3228922160508735,107.11548571428571,103.20082666666666
2014-05-16,84.0899,85.3613,83.6285,85.3585,69091834,AAPL,0.014757998076491141,101.4167,103.32259
2014-05-16,123.86,123.99,120.21,121.67,1900405,AAP,0.42539993087976,106.68058571428571,103.35725666666667
2014-05-19,121.48,123.47,121.31,122.8,784197,AAP,0.009287416783101854,106.59344285714285,103.40258999999999
2014-05-19,85.4071,86.7613,85.3328,86.3699,79439024,AAPL,-0.2966620521172638,101.34057142857144,103.45259
2014-05-20,122.79,122.79,121.12,122.11,891140,AAP,0.41380272525497874,106.66507142857142,103.52859
2014-05-20,86.3585,86.6285,85.8185,86.3871,58708986,AAPL,-0.29254688395708783,101.25894285714287,103.58754333333333
2014-05-21,122.11,123.02,120.71,122.58,924927,AAP,0.41896185888865345,106.75364285714285,103.63054333333334
2014-05-21,86.2613,86.6713,86.0085,86.6156,49249914,AAPL,-0.29339533365965087,106.93322857142857,103.70778
2014-05-22,122.11,123.67,122.11,122.5,638226,AAP,0.41429488452426577,107.0518,104.97454333333333
2014-05-22,86.6571,87.1213,86.2999,86.7528,50218945,AAPL,-0.2918138775510205,101.90220000000001,103.83363666666666
2014-05-23,86.7499,87.8184,86.6385,87.7328,58052491,AAPL,0.011296465359043273,102.0969,102.70173
2014-05-23,122.98,123.71,122.49,123.24,512717,AAP,0.40471978553061105,102.25832857142858,103.98792333333333
2014-05-27,124.03,124.03,121.24,121.44,599248,AAP,-0.014605647517039855,107.2658857142857,105.17421333333333
2014-05-27,87.9828,89.4085,87.9471,89.3756,87216605,AAPL,-0.26403491436100124,102.52239999999999,104.11906666666667
2014-05-28,121.42,121.8,120.0,121.11,529328,AAP,0.3550678261180904,107.45017142857141,104.13973333333334
2014-05-28,89.4313,89.9756,89.1113,89.1442,78921885,AAPL,-0.26394021963504255,102.68505714285713,104.28068666666667
2014-05-29,122.11,123.35,121.58,122.31,606770,AAP,0.3720466390410144,107.76465714285713,105.53707
2014-05-29,89.6928,90.9813,89.6813,90.7685,94118633,AAPL,-0.2578816122966233,108.19832857142856,104.58102000000001
2014-05-30,91.1399,92.0242,89.8428,90.4285,141005137,AAPL,-0.0037457928686713826,103.51097142857142,103.51330333333334
2014-05-30,122.33,124.3,122.33,124.17,679931,AAP,0.37312904670540825,103.90097142857144,104.85235333333334
2014-06-02,124.22,124.49,123.2005,124.47,509710,AAP,0.002416042522348283,108.91445714285713,106.21306
2014-06-02,90.5656,90.6899,88.9285,89.8071,92337903,AAPL,-0.2784839720414557,104.4426142857143,105.05463
2014-06-03,89.7799,91.2485,89.7499,91.0771,73231620,AAPL,0.014141420889885126,104.71874285714286,105.26753666666667
2014-06-03,123.88,125.815,123.77,125.23,733583,AAP,0.37498888304524414,105.13588571428572,105.26687
2014-06-04,124.82,126.51,124.73,126.46,418309,AAP,0.009821927653118179,110.23467142857143,106.65477666666668
2014-06-04,91.0628,92.5556,90.8728,92.1171,83870521,AAPL,-0.2715712478253993,110.47590000000001,105.61167999999999
2014-06-05,92.3142,92.767,91.8013,92.4785,75951141,AAPL,0.0039232672326854345,105.94854285714284,104.58963
2014-06-05,126.53,127.77,126.16,127.43,605604,AAP,0.3779419000091915,106.37140000000001,106.00934666666667
2014-06-06,127.65,128.65,127.13,128.41,493026,AAP,0.007690496743310016,111.88609999999998,106.14868
2014-06-06,92.8428,93.037,92.0671,92.2242,87620911,AAPL,-0.28179892531734285,112.04997142857142,106.41891666666668
2014-06-09,92.7,93.88,91.75,93.7,75414804,AAPL,0.016002307420395212,107.54568571428571,106.69696666666667
2014-06-09,128.2,128.97,126.79,127.71,632496,AAP,0.36296691568836703,107.72425714285714,106.89829999999999
2014-06-10,127.07,127.63,126.21,126.97,519243,AAP,-0.005794377887401114,112.70324285714285,107.0373
2014-06-10,94.73,95.05,93.57,94.25,62777042,AAPL,-0.25769866897692373,112.95631428571429,107.29997
2014-06-11,126.53,126.915,125.44,126.14,351183,AAP,0.33835543766578247,112.77202857142856,107.43430333333332
2014-06-11,94.13,94.76,93.47,93.86,45681114,AAPL,-0.25590613603932144,107.83631428571428,107.68339999999999
2014-06-12,94.04,94.12,91.9,92.29,54748791,AAPL,-0.01672704027274652,107.84571428571428,106.67373333333333
2014-06-12,125.8,125.914,123.52,124.28,541918,AAP,0.34662476974753487,112.21428571428571,107.92921333333334
2014-06-13,124.65,124.84,123.36,124.8,439766,AAP,0.004184100418409997,111.79857142857144,108.00587999999999
2014-06-13,92.2,92.44,90.88,91.28,54525280,AAPL,-0.2685897435897435,106.7,108.15678666666668
2014-06-16,124.36,125.29,124.15,125.01,443898,AAP,0.36952234881682733,111.0942857142857,109.39935999999999
2014-06-16,91.51,92.75,91.45,92.2,35561270,AAPL,-0.2624590032797376,106.24571428571429,108.36469333333335
2014-06-17,125.01,126.6,125.01,125.95,571175,AAP,0.36605206073752705,110.83000000000001,108.51502666666667
2014-06-17,92.31,92.7,91.8,92.08,29726347,AAPL,-0.2689162366018262,110.8,108.60517333333334
2014-06-18,126.71,130.51,126.71,129.72,935350,AAP,0.40877497827975673,111.57714285714285,108.89217333333335
2014-06-19,130.0,130.51,127.33,128.84,620237,AAP,-0.006783842121492412,112.15428571428572,110.21536666666665
2014-06-20,129.4,129.91,127.89,129.8,829234,AAP,0.007451102142191912,117.65714285714286,110.46503333333334
2014-06-23,129.7,130.819,129.21,130.67,1376236,AAP,0.00670261941448369,118.46571428571428,111.79508333333334
2014-06-24,130.67,133.918,130.67,131.66,1509069,AAP,0.007576337338333294,124.10285714285715,113.16946666666666
2014-06-25,130.98,131.53,128.02,129.85,1124861,AAP,-0.01374753152058339,124.65999999999998,113.35879999999999
2014-06-26,130.3,131.71,130.02,130.53,1157738,AAP,0.005236811705814359,130.15285714285716,113.5608
2014-06-27,130.5,133.51,130.5,133.48,1337989,AAP,0.022600168543629673,130.69,115.01656333333334
2014-06-30,133.67,136.12,132.88,134.92,1476072,AAP,0.010788133053641014,131.5585714285714,116.47799333333334
2014-07-01,135.86,135.95,134.35,134.53,1085920,AAP,-0.0028906018381261722,132.2342857142857,116.78799333333333
2014-07-02,134.27,135.19,133.6,134.25,522313,AAP,-0.002081320151639088,132.74571428571429,117.04766
2014-07-03,135.05,135.202,134.13,134.94,300275,AAP,0.005139664804469257,133.21428571428572,118.47509
2014-07-07,133.97,135.075,133.8,134.0,431114,AAP,-0.006966058989180346,133.80714285714288,119.85914
2014-07-08,133.99,133.99,131.64,132.27,484253,AAP,-0.012910447761193988,134.0557142857143,120.02047333333333
2014-07-09,132.71,133.61,131.2336,133.58,673362,AAP,0.009903984274589828,134.07,120.19280666666667
2014-07-10,132.51,133.92,132.0,133.16,499068,AAP,-0.003144183260967326,133.81857142857143,121.55733333333335
2014-07-11,132.96,133.57,132.49,133.29,484673,AAP,0.0009762691498949039,133.64142857142858,122.877
2014-07-14,133.65,135.27,133.65,134.81,731499,AAP,0.011403706204516473,133.72142857142856,123.11366666666667
2014-07-15,134.25,134.81,132.39,132.64,524044,AAP,-0.016096728729322884,133.39285714285714,123.30266666666667
2014-07-16,133.52,133.52,131.174,131.82,471585,AAP,-0.006182147165259333,133.08142857142857,124.555
2014-07-17,130.97,131.37,129.73,129.86,480547,AAP,-0.01486876043089047,132.73714285714286,124.679
2014-07-18,129.92,130.87,128.66,130.47,645430,AAP,0.004697366394578628,132.29285714285714,125.89933333333333
2014-07-21,130.31,131.0,128.48,128.55,411256,AAP,-0.014716026672798255,131.6342857142857,127.10799999999999
2014-07-22,128.22,128.34,123.89,124.15,1547891,AAP,-0.03422792687670173,130.32857142857142,127.10366666666665
2014-07-23,124.68,124.93,123.25,123.59,653724,AAP,-0.0045106725734997966,128.7257142857143,127.06333333333333
2014-07-24,124.9,127.73,124.2,126.63,1366164,AAP,0.024597459341370698,127.86714285714287,128.24166666666667
2014-07-25,126.13,126.9099,124.96,125.55,353432,AAP,-0.008528784648187626,126.97142857142858,128.25966666666667
2014-07-28,125.24,125.27,123.8,124.49,495457,AAP,-0.008442851453604128,126.20428571428572,129.33599999999998
2014-07-29,124.52,124.78,122.94,122.96,422221,AAP,-0.012290143786649499,125.13142857142857,129.23633333333333
2014-07-30,123.2,124.5,123.01,124.2,522820,AAP,0.01008458035133386,124.51,130.307
2014-07-31,123.86,124.54,121.03,121.11,891376,AAP,-0.024879227053140163,124.0757142857143,130.02
2018-02-07,163.085,163.4,159.0685,159.54,51608580,AAPL,0.31731483775080505,129.21142857142857,131.04333333333335
